{"geonames":[{"continent":"EU","capital":"Andorra la Vella","languages":"ca","geonameId":3041565,"south":42.42849259876837,"isoAlpha3":"AND","north":42.65604389629997,"fipsCode":"AN","population":"84000","east":1.7865427778319827,"isoNumeric":"020","areaInSqKm":"468.0","countryCode":"AD","west":1.4071867141112762,"countryName":"Andorra","continentName":"Europe","currencyCode":"EUR"},{"continent":"AS","capital":"Abu Dhabi","languages":"ar-AE,fa,en,hi,ur","geonameId":290557,"south":22.633329391479492,"isoAlpha3":"ARE","north":26.08415985107422,"fipsCode":"AE","population":"4975593","east":56.38166046142578,"isoNumeric":"784","areaInSqKm":"82880.0","countryCode":"AE","west":51.58332824707031,"countryName":"United Arab Emirates","continentName":"Asia","currencyCode":"AED"},{"continent":"AS","capital":"Kabul","languages":"fa-AF,ps,uz-AF,tk","geonameId":1149361,"south":29.377472,"isoAlpha3":"AFG","north":38.483418,"fipsCode":"AF","population":"29121286","east":74.879448,"isoNumeric":"004","areaInSqKm":"647500.0","countryCode":"AF","west":60.478443,"countryName":"Afghanistan","continentName":"Asia","currencyCode":"AFN"},{"continent":"NA","capital":"St. John's","languages":"en-AG","geonameId":3576396,"south":16.996979,"isoAlpha3":"ATG","north":17.729387,"fipsCode":"AC","population":"86754","east":-61.672421,"isoNumeric":"028","areaInSqKm":"443.0","countryCode":"AG","west":-61.906425,"countryName":"Antigua and Barbuda","continentName":"North America","currencyCode":"XCD"},{"continent":"NA","capital":"The Valley","languages":"en-AI","geonameId":3573511,"south":18.166815,"isoAlpha3":"AIA","north":18.283424,"fipsCode":"AV","population":"13254","east":-62.971359,"isoNumeric":"660","areaInSqKm":"102.0","countryCode":"AI","west":-63.172901,"countryName":"Anguilla","continentName":"North America","currencyCode":"XCD"},{"continent":"EU","capital":"Tirana","languages":"sq,el","geonameId":783754,"south":39.648361,"isoAlpha3":"ALB","north":42.665611,"fipsCode":"AL","population":"2986952","east":21.068472,"isoNumeric":"008","areaInSqKm":"28748.0","countryCode":"AL","west":19.293972,"countryName":"Albania","continentName":"Europe","currencyCode":"ALL"},{"continent":"AS","capital":"Yerevan","languages":"hy","geonameId":174982,"south":38.830528,"isoAlpha3":"ARM","north":41.301834,"fipsCode":"AM","population":"2968000","east":46.772435045159995,"isoNumeric":"051","areaInSqKm":"29800.0","countryCode":"AM","west":43.44978,"countryName":"Armenia","continentName":"Asia","currencyCode":"AMD"},{"continent":"AF","capital":"Luanda","languages":"pt-AO","geonameId":3351879,"south":-18.042076,"isoAlpha3":"AGO","north":-4.376826,"fipsCode":"AO","population":"13068161","east":24.082119,"isoNumeric":"024","areaInSqKm":"1246700.0","countryCode":"AO","west":11.679219,"countryName":"Angola","continentName":"Africa","currencyCode":"AOA"},{"continent":"AN","capital":"","languages":"","geonameId":6697173,"south":-89.9999,"isoAlpha3":"ATA","north":-60.515533,"fipsCode":"AY","population":"0","east":179.9999,"isoNumeric":"010","areaInSqKm":"1.4E7","countryCode":"AQ","west":-179.9999,"countryName":"Antarctica","continentName":"Antarctica","currencyCode":""},{"continent":"SA","capital":"Buenos Aires","languages":"es-AR,en,it,de,fr,gn","geonameId":3865483,"south":-55.061314,"isoAlpha3":"ARG","north":-21.781277,"fipsCode":"AR","population":"41343201","east":-53.591835,"isoNumeric":"032","areaInSqKm":"2766890.0","countryCode":"AR","west":-73.58297,"countryName":"Argentina","continentName":"South America","currencyCode":"ARS"},{"continent":"OC","capital":"Pago Pago","languages":"en-AS,sm,to","geonameId":5880801,"south":-14.382478,"isoAlpha3":"ASM","north":-11.0497,"fipsCode":"AQ","population":"57881","east":-169.416077,"isoNumeric":"016","areaInSqKm":"199.0","countryCode":"AS","west":-171.091888,"countryName":"American Samoa","continentName":"Oceania","currencyCode":"USD"},{"continent":"EU","capital":"Vienna","languages":"de-AT,hr,hu,sl","geonameId":2782113,"south":46.3726520216244,"isoAlpha3":"AUT","north":49.0211627691393,"fipsCode":"AU","population":"8205000","east":17.1620685652599,"isoNumeric":"040","areaInSqKm":"83858.0","countryCode":"AT","west":9.53095237240833,"countryName":"Austria","continentName":"Europe","currencyCode":"EUR"},{"continent":"OC","capital":"Canberra","languages":"en-AU","geonameId":2077456,"south":-43.64397,"isoAlpha3":"AUS","north":-10.062805,"fipsCode":"AS","population":"21515754","east":153.639252,"isoNumeric":"036","areaInSqKm":"7686850.0","countryCode":"AU","west":112.911057,"countryName":"Australia","continentName":"Oceania","currencyCode":"AUD"},{"continent":"NA","capital":"Oranjestad","languages":"nl-AW,es,en","geonameId":3577279,"south":12.411707706190716,"isoAlpha3":"ABW","north":12.623718127152925,"fipsCode":"AA","population":"71566","east":-69.86575120104982,"isoNumeric":"533","areaInSqKm":"193.0","countryCode":"AW","west":-70.0644737196045,"countryName":"Aruba","continentName":"North America","currencyCode":"AWG"},{"continent":"EU","capital":"Mariehamn","languages":"sv-AX","geonameId":661882,"south":59.90675,"isoAlpha3":"ALA","north":60.488861,"fipsCode":"","population":"26711","east":21.011862,"isoNumeric":"248","areaInSqKm":"1580.0","countryCode":"AX","west":19.317694,"countryName":"Åland","continentName":"Europe","currencyCode":"EUR"},{"continent":"AS","capital":"Baku","languages":"az,ru,hy","geonameId":587116,"south":38.38915252685547,"isoAlpha3":"AZE","north":41.90564,"fipsCode":"AJ","population":"8303512","east":50.370083,"isoNumeric":"031","areaInSqKm":"86600.0","countryCode":"AZ","west":44.774113,"countryName":"Azerbaijan","continentName":"Asia","currencyCode":"AZN"},{"continent":"EU","capital":"Sarajevo","languages":"bs,hr-BA,sr-BA","geonameId":3277605,"south":42.546112,"isoAlpha3":"BIH","north":45.239193,"fipsCode":"BK","population":"4590000","east":19.622223,"isoNumeric":"070","areaInSqKm":"51129.0","countryCode":"BA","west":15.718945,"countryName":"Bosnia and Herzegovina","continentName":"Europe","currencyCode":"BAM"},{"continent":"NA","capital":"Bridgetown","languages":"en-BB","geonameId":3374084,"south":13.039844,"isoAlpha3":"BRB","north":13.327257,"fipsCode":"BB","population":"285653","east":-59.420376,"isoNumeric":"052","areaInSqKm":"431.0","countryCode":"BB","west":-59.648922,"countryName":"Barbados","continentName":"North America","currencyCode":"BBD"},{"continent":"AS","capital":"Dhaka","languages":"bn-BD,en","geonameId":1210997,"south":20.743334,"isoAlpha3":"BGD","north":26.631945,"fipsCode":"BG","population":"156118464","east":92.673668,"isoNumeric":"050","areaInSqKm":"144000.0","countryCode":"BD","west":88.028336,"countryName":"Bangladesh","continentName":"Asia","currencyCode":"BDT"},{"continent":"EU","capital":"Brussels","languages":"nl-BE,fr-BE,de-BE","geonameId":2802361,"south":49.49361,"isoAlpha3":"BEL","north":51.505444,"fipsCode":"BE","population":"10403000","east":6.403861,"isoNumeric":"056","areaInSqKm":"30510.0","countryCode":"BE","west":2.546944,"countryName":"Belgium","continentName":"Europe","currencyCode":"EUR"},{"continent":"AF","capital":"Ouagadougou","languages":"fr-BF","geonameId":2361809,"south":9.401108,"isoAlpha3":"BFA","north":15.082593,"fipsCode":"UV","population":"16241811","east":2.405395,"isoNumeric":"854","areaInSqKm":"274200.0","countryCode":"BF","west":-5.518916,"countryName":"Burkina Faso","continentName":"Africa","currencyCode":"XOF"},{"continent":"EU","capital":"Sofia","languages":"bg,tr-BG,rom","geonameId":732800,"south":41.242084,"isoAlpha3":"BGR","north":44.21764,"fipsCode":"BU","population":"7148785","east":28.612167,"isoNumeric":"100","areaInSqKm":"110910.0","countryCode":"BG","west":22.371166,"countryName":"Bulgaria","continentName":"Europe","currencyCode":"BGN"},{"continent":"AS","capital":"Manama","languages":"ar-BH,en,fa,ur","geonameId":290291,"south":25.796862,"isoAlpha3":"BHR","north":26.282583,"fipsCode":"BA","population":"738004","east":50.664471,"isoNumeric":"048","areaInSqKm":"665.0","countryCode":"BH","west":50.45414,"countryName":"Bahrain","continentName":"Asia","currencyCode":"BHD"},{"continent":"AF","capital":"Bujumbura","languages":"fr-BI,rn","geonameId":433561,"south":-4.465713,"isoAlpha3":"BDI","north":-2.310123,"fipsCode":"BY","population":"9863117","east":30.847729,"isoNumeric":"108","areaInSqKm":"27830.0","countryCode":"BI","west":28.993061,"countryName":"Burundi","continentName":"Africa","currencyCode":"BIF"},{"continent":"AF","capital":"Porto-Novo","languages":"fr-BJ","geonameId":2395170,"south":6.225748,"isoAlpha3":"BEN","north":12.418347,"fipsCode":"BN","population":"9056010","east":3.851701,"isoNumeric":"204","areaInSqKm":"112620.0","countryCode":"BJ","west":0.774575,"countryName":"Benin","continentName":"Africa","currencyCode":"XOF"},{"continent":"NA","capital":"Gustavia","languages":"fr","geonameId":3578476,"south":17.878183227405575,"isoAlpha3":"BLM","north":17.928808791949283,"fipsCode":"TB","population":"8450","east":-62.788983372985854,"isoNumeric":"652","areaInSqKm":"21.0","countryCode":"BL","west":-62.8739118253784,"countryName":"Saint Barthélemy","continentName":"North America","currencyCode":"EUR"},{"continent":"NA","capital":"Hamilton","languages":"en-BM,pt","geonameId":3573345,"south":32.246639,"isoAlpha3":"BMU","north":32.393833,"fipsCode":"BD","population":"65365","east":-64.651993,"isoNumeric":"060","areaInSqKm":"53.0","countryCode":"BM","west":-64.89605,"countryName":"Bermuda","continentName":"North America","currencyCode":"BMD"},{"continent":"AS","capital":"Bandar Seri Begawan","languages":"ms-BN,en-BN","geonameId":1820814,"south":4.003083,"isoAlpha3":"BRN","north":5.047167,"fipsCode":"BX","population":"395027","east":115.359444,"isoNumeric":"096","areaInSqKm":"5770.0","countryCode":"BN","west":114.071442,"countryName":"Brunei","continentName":"Asia","currencyCode":"BND"},{"continent":"SA","capital":"Sucre","languages":"es-BO,qu,ay","geonameId":3923057,"south":-22.896133,"isoAlpha3":"BOL","north":-9.680567,"fipsCode":"BL","population":"9947418","east":-57.45809600000001,"isoNumeric":"068","areaInSqKm":"1098580.0","countryCode":"BO","west":-69.640762,"countryName":"Bolivia","continentName":"South America","currencyCode":"BOB"},{"continent":"NA","capital":"Kralendijk","languages":"nl,pap,en","geonameId":7626844,"south":12.017149,"isoAlpha3":"BES","north":12.304535,"fipsCode":"","population":"18012","east":-68.192307,"isoNumeric":"535","areaInSqKm":"328.0","countryCode":"BQ","west":-68.416458,"countryName":"Bonaire","continentName":"North America","currencyCode":"USD"},{"continent":"SA","capital":"Brasília","languages":"pt-BR,es,en,fr","geonameId":3469034,"south":-33.750706,"isoAlpha3":"BRA","north":5.264877,"fipsCode":"BR","population":"201103330","east":-32.392998,"isoNumeric":"076","areaInSqKm":"8511965.0","countryCode":"BR","west":-73.985535,"countryName":"Brazil","continentName":"South America","currencyCode":"BRL"},{"continent":"NA","capital":"Nassau","languages":"en-BS","geonameId":3572887,"south":22.852743,"isoAlpha3":"BHS","north":26.919243,"fipsCode":"BF","population":"301790","east":-74.423874,"isoNumeric":"044","areaInSqKm":"13940.0","countryCode":"BS","west":-78.995911,"countryName":"Bahamas","continentName":"North America","currencyCode":"BSD"},{"continent":"AS","capital":"Thimphu","languages":"dz","geonameId":1252634,"south":26.70764,"isoAlpha3":"BTN","north":28.323778,"fipsCode":"BT","population":"699847","east":92.125191,"isoNumeric":"064","areaInSqKm":"47000.0","countryCode":"BT","west":88.75972,"countryName":"Bhutan","continentName":"Asia","currencyCode":"BTN"},{"continent":"AN","capital":"","languages":"","geonameId":3371123,"south":-54.462383,"isoAlpha3":"BVT","north":-54.400322,"fipsCode":"BV","population":"0","east":3.487976,"isoNumeric":"074","areaInSqKm":"49.0","countryCode":"BV","west":3.335499,"countryName":"Bouvet Island","continentName":"Antarctica","currencyCode":"NOK"},{"continent":"AF","capital":"Gaborone","languages":"en-BW,tn-BW","geonameId":933860,"south":-26.907246,"isoAlpha3":"BWA","north":-17.780813,"fipsCode":"BC","population":"2029307","east":29.360781,"isoNumeric":"072","areaInSqKm":"600370.0","countryCode":"BW","west":19.999535,"countryName":"Botswana","continentName":"Africa","currencyCode":"BWP"},{"continent":"EU","capital":"Minsk","languages":"be,ru","geonameId":630336,"south":51.256416,"isoAlpha3":"BLR","north":56.165806,"fipsCode":"BO","population":"9685000","east":32.770805,"isoNumeric":"112","areaInSqKm":"207600.0","countryCode":"BY","west":23.176889,"countryName":"Belarus","continentName":"Europe","currencyCode":"BYR"},{"continent":"NA","capital":"Belmopan","languages":"en-BZ,es","geonameId":3582678,"south":15.8893,"isoAlpha3":"BLZ","north":18.496557,"fipsCode":"BH","population":"314522","east":-87.776985,"isoNumeric":"084","areaInSqKm":"22966.0","countryCode":"BZ","west":-89.224815,"countryName":"Belize","continentName":"North America","currencyCode":"BZD"},{"continent":"NA","capital":"Ottawa","languages":"en-CA,fr-CA,iu","geonameId":6251999,"south":41.67598,"isoAlpha3":"CAN","north":83.110626,"fipsCode":"CA","population":"33679000","east":-52.636291,"isoNumeric":"124","areaInSqKm":"9984670.0","countryCode":"CA","west":-141,"countryName":"Canada","continentName":"North America","currencyCode":"CAD"},{"continent":"AS","capital":"West Island","languages":"ms-CC,en","geonameId":1547376,"south":-12.208725839,"isoAlpha3":"CCK","north":-12.072459094,"fipsCode":"CK","population":"628","east":96.929489344,"isoNumeric":"166","areaInSqKm":"14.0","countryCode":"CC","west":96.816941408,"countryName":"Cocos [Keeling] Islands","continentName":"Asia","currencyCode":"AUD"},{"continent":"AF","capital":"Kinshasa","languages":"fr-CD,ln,kg","geonameId":203312,"south":-13.455675,"isoAlpha3":"COD","north":5.386098,"fipsCode":"CG","population":"70916439","east":31.305912,"isoNumeric":"180","areaInSqKm":"2345410.0","countryCode":"CD","west":12.204144,"countryName":"Democratic Republic of the Congo","continentName":"Africa","currencyCode":"CDF"},{"continent":"AF","capital":"Bangui","languages":"fr-CF,sg,ln,kg","geonameId":239880,"south":2.220514,"isoAlpha3":"CAF","north":11.007569,"fipsCode":"CT","population":"4844927","east":27.463421,"isoNumeric":"140","areaInSqKm":"622984.0","countryCode":"CF","west":14.420097,"countryName":"Central African Republic","continentName":"Africa","currencyCode":"XAF"},{"continent":"AF","capital":"Brazzaville","languages":"fr-CG,kg,ln-CG","geonameId":2260494,"south":-5.027223,"isoAlpha3":"COG","north":3.703082,"fipsCode":"CF","population":"3039126","east":18.649839,"isoNumeric":"178","areaInSqKm":"342000.0","countryCode":"CG","west":11.205009,"countryName":"Republic of the Congo","continentName":"Africa","currencyCode":"XAF"},{"continent":"EU","capital":"Bern","languages":"de-CH,fr-CH,it-CH,rm","geonameId":2658434,"south":45.825695,"isoAlpha3":"CHE","north":47.805332,"fipsCode":"SZ","population":"7581000","east":10.491472,"isoNumeric":"756","areaInSqKm":"41290.0","countryCode":"CH","west":5.957472,"countryName":"Switzerland","continentName":"Europe","currencyCode":"CHF"},{"continent":"AF","capital":"Yamoussoukro","languages":"fr-CI","geonameId":2287781,"south":4.357067,"isoAlpha3":"CIV","north":10.736642,"fipsCode":"IV","population":"21058798","east":-2.494897,"isoNumeric":"384","areaInSqKm":"322460.0","countryCode":"CI","west":-8.599302,"countryName":"Ivory Coast","continentName":"Africa","currencyCode":"XOF"},{"continent":"OC","capital":"Avarua","languages":"en-CK,mi","geonameId":1899402,"south":-21.944164,"isoAlpha3":"COK","north":-10.023114,"fipsCode":"CW","population":"21388","east":-157.312134,"isoNumeric":"184","areaInSqKm":"240.0","countryCode":"CK","west":-161.093658,"countryName":"Cook Islands","continentName":"Oceania","currencyCode":"NZD"},{"continent":"SA","capital":"Santiago","languages":"es-CL","geonameId":3895114,"south":-55.9256225109217,"isoAlpha3":"CHL","north":-17.507553,"fipsCode":"CI","population":"16746491","east":-66.417557,"isoNumeric":"152","areaInSqKm":"756950.0","countryCode":"CL","west":-80.785851,"countryName":"Chile","continentName":"South America","currencyCode":"CLP"},{"continent":"AF","capital":"Yaoundé","languages":"en-CM,fr-CM","geonameId":2233387,"south":1.652548,"isoAlpha3":"CMR","north":13.078056,"fipsCode":"CM","population":"19294149","east":16.192116,"isoNumeric":"120","areaInSqKm":"475440.0","countryCode":"CM","west":8.494763,"countryName":"Cameroon","continentName":"Africa","currencyCode":"XAF"},{"continent":"AS","capital":"Beijing","languages":"zh-CN,yue,wuu,dta,ug,za","geonameId":1814991,"south":15.775416,"isoAlpha3":"CHN","north":53.56086,"fipsCode":"CH","population":"1330044000","east":134.773911,"isoNumeric":"156","areaInSqKm":"9596960.0","countryCode":"CN","west":73.557693,"countryName":"China","continentName":"Asia","currencyCode":"CNY"},{"continent":"SA","capital":"Bogotá","languages":"es-CO","geonameId":3686110,"south":-4.225869,"isoAlpha3":"COL","north":13.380502,"fipsCode":"CO","population":"47790000","east":-66.869835,"isoNumeric":"170","areaInSqKm":"1138910.0","countryCode":"CO","west":-81.728111,"countryName":"Colombia","continentName":"South America","currencyCode":"COP"},{"continent":"NA","capital":"San José","languages":"es-CR,en","geonameId":3624060,"south":8.032975,"isoAlpha3":"CRI","north":11.216819,"fipsCode":"CS","population":"4516220","east":-82.555992,"isoNumeric":"188","areaInSqKm":"51100.0","countryCode":"CR","west":-85.950623,"countryName":"Costa Rica","continentName":"North America","currencyCode":"CRC"},{"continent":"NA","capital":"Havana","languages":"es-CU","geonameId":3562981,"south":19.828083,"isoAlpha3":"CUB","north":23.226042,"fipsCode":"CU","population":"11423000","east":-74.131775,"isoNumeric":"192","areaInSqKm":"110860.0","countryCode":"CU","west":-84.957428,"countryName":"Cuba","continentName":"North America","currencyCode":"CUP"},{"continent":"AF","capital":"Praia","languages":"pt-CV","geonameId":3374766,"south":14.808022,"isoAlpha3":"CPV","north":17.197178,"fipsCode":"CV","population":"508659","east":-22.669443,"isoNumeric":"132","areaInSqKm":"4033.0","countryCode":"CV","west":-25.358747,"countryName":"Cape Verde","continentName":"Africa","currencyCode":"CVE"},{"continent":"NA","capital":"Willemstad","languages":"nl,pap","geonameId":7626836,"south":12.032745,"isoAlpha3":"CUW","north":12.385672,"fipsCode":"UC","population":"141766","east":-68.733948,"isoNumeric":"531","areaInSqKm":"444.0","countryCode":"CW","west":-69.157204,"countryName":"Curacao","continentName":"North America","currencyCode":"ANG"},{"continent":"AS","capital":"Flying Fish Cove","languages":"en,zh,ms-CC","geonameId":2078138,"south":-10.5704829995,"isoAlpha3":"CXR","north":-10.412356007,"fipsCode":"KT","population":"1500","east":105.712596992,"isoNumeric":"162","areaInSqKm":"135.0","countryCode":"CX","west":105.533276992,"countryName":"Christmas Island","continentName":"Asia","currencyCode":"AUD"},{"continent":"EU","capital":"Nicosia","languages":"el-CY,tr-CY,en","geonameId":146669,"south":34.6332846722908,"isoAlpha3":"CYP","north":35.701527,"fipsCode":"CY","population":"1102677","east":34.59791599999994,"isoNumeric":"196","areaInSqKm":"9250.0","countryCode":"CY","west":32.27308300000004,"countryName":"Cyprus","continentName":"Europe","currencyCode":"EUR"},{"continent":"EU","capital":"Prague","languages":"cs,sk","geonameId":3077311,"south":48.542915,"isoAlpha3":"CZE","north":51.058887,"fipsCode":"EZ","population":"10476000","east":18.860111,"isoNumeric":"203","areaInSqKm":"78866.0","countryCode":"CZ","west":12.096194,"countryName":"Czech Republic","continentName":"Europe","currencyCode":"CZK"},{"continent":"EU","capital":"Berlin","languages":"de","geonameId":2921044,"south":47.275776,"isoAlpha3":"DEU","north":55.055637,"fipsCode":"GM","population":"81802257","east":15.039889,"isoNumeric":"276","areaInSqKm":"357021.0","countryCode":"DE","west":5.865639,"countryName":"Germany","continentName":"Europe","currencyCode":"EUR"},{"continent":"AF","capital":"Djibouti","languages":"fr-DJ,ar,so-DJ,aa","geonameId":223816,"south":10.909917,"isoAlpha3":"DJI","north":12.706833,"fipsCode":"DJ","population":"740528","east":43.416973,"isoNumeric":"262","areaInSqKm":"23000.0","countryCode":"DJ","west":41.773472,"countryName":"Djibouti","continentName":"Africa","currencyCode":"DJF"},{"continent":"EU","capital":"Copenhagen","languages":"da-DK,en,fo,de-DK","geonameId":2623032,"south":54.562389,"isoAlpha3":"DNK","north":57.748417,"fipsCode":"DA","population":"5484000","east":15.158834,"isoNumeric":"208","areaInSqKm":"43094.0","countryCode":"DK","west":8.075611,"countryName":"Denmark","continentName":"Europe","currencyCode":"DKK"},{"continent":"NA","capital":"Roseau","languages":"en-DM","geonameId":3575830,"south":15.20169,"isoAlpha3":"DMA","north":15.631809,"fipsCode":"DO","population":"72813","east":-61.244152,"isoNumeric":"212","areaInSqKm":"754.0","countryCode":"DM","west":-61.484108,"countryName":"Dominica","continentName":"North America","currencyCode":"XCD"},{"continent":"NA","capital":"Santo Domingo","languages":"es-DO","geonameId":3508796,"south":17.543159,"isoAlpha3":"DOM","north":19.929859,"fipsCode":"DR","population":"9823821","east":-68.32,"isoNumeric":"214","areaInSqKm":"48730.0","countryCode":"DO","west":-72.003487,"countryName":"Dominican Republic","continentName":"North America","currencyCode":"DOP"},{"continent":"AF","capital":"Algiers","languages":"ar-DZ","geonameId":2589581,"south":18.960028,"isoAlpha3":"DZA","north":37.093723,"fipsCode":"AG","population":"34586184","east":11.979548,"isoNumeric":"012","areaInSqKm":"2381740.0","countryCode":"DZ","west":-8.673868,"countryName":"Algeria","continentName":"Africa","currencyCode":"DZD"},{"continent":"SA","capital":"Quito","languages":"es-EC","geonameId":3658394,"south":-4.998823,"isoAlpha3":"ECU","north":1.43902,"fipsCode":"EC","population":"14790608","east":-75.184586,"isoNumeric":"218","areaInSqKm":"283560.0","countryCode":"EC","west":-81.078598,"countryName":"Ecuador","continentName":"South America","currencyCode":"USD"},{"continent":"EU","capital":"Tallinn","languages":"et,ru","geonameId":453733,"south":57.516193,"isoAlpha3":"EST","north":59.676224,"fipsCode":"EN","population":"1291170","east":28.209972,"isoNumeric":"233","areaInSqKm":"45226.0","countryCode":"EE","west":21.837584,"countryName":"Estonia","continentName":"Europe","currencyCode":"EUR"},{"continent":"AF","capital":"Cairo","languages":"ar-EG,en,fr","geonameId":357994,"south":21.725389,"isoAlpha3":"EGY","north":31.667334,"fipsCode":"EG","population":"80471869","east":36.89833068847656,"isoNumeric":"818","areaInSqKm":"1001450.0","countryCode":"EG","west":24.698111,"countryName":"Egypt","continentName":"Africa","currencyCode":"EGP"},{"continent":"AF","capital":"Laâyoune / El Aaiún","languages":"ar,mey","geonameId":2461445,"south":20.774158,"isoAlpha3":"ESH","north":27.669674,"fipsCode":"WI","population":"273008","east":-8.670276,"isoNumeric":"732","areaInSqKm":"266000.0","countryCode":"EH","west":-17.103182,"countryName":"Western Sahara","continentName":"Africa","currencyCode":"MAD"},{"continent":"AF","capital":"Asmara","languages":"aa-ER,ar,tig,kun,ti-ER","geonameId":338010,"south":12.359555,"isoAlpha3":"ERI","north":18.003084,"fipsCode":"ER","population":"5792984","east":43.13464,"isoNumeric":"232","areaInSqKm":"121320.0","countryCode":"ER","west":36.438778,"countryName":"Eritrea","continentName":"Africa","currencyCode":"ERN"},{"continent":"EU","capital":"Madrid","languages":"es-ES,ca,gl,eu,oc","geonameId":2510769,"south":36.0001044260548,"isoAlpha3":"ESP","north":43.7913565913767,"fipsCode":"SP","population":"46505963","east":4.32778473043961,"isoNumeric":"724","areaInSqKm":"504782.0","countryCode":"ES","west":-9.30151567231899,"countryName":"Spain","continentName":"Europe","currencyCode":"EUR"},{"continent":"AF","capital":"Addis Ababa","languages":"am,en-ET,om-ET,ti-ET,so-ET,sid","geonameId":337996,"south":3.402422,"isoAlpha3":"ETH","north":14.89375,"fipsCode":"ET","population":"88013491","east":47.986179,"isoNumeric":"231","areaInSqKm":"1127127.0","countryCode":"ET","west":32.999939,"countryName":"Ethiopia","continentName":"Africa","currencyCode":"ETB"},{"continent":"EU","capital":"Helsinki","languages":"fi-FI,sv-FI,smn","geonameId":660013,"south":59.808777,"isoAlpha3":"FIN","north":70.096054,"fipsCode":"FI","population":"5244000","east":31.580944,"isoNumeric":"246","areaInSqKm":"337030.0","countryCode":"FI","west":20.556944,"countryName":"Finland","continentName":"Europe","currencyCode":"EUR"},{"continent":"OC","capital":"Suva","languages":"en-FJ,fj","geonameId":2205218,"south":-20.67597,"isoAlpha3":"FJI","north":-12.480111,"fipsCode":"FJ","population":"875983","east":-178.424438,"isoNumeric":"242","areaInSqKm":"18270.0","countryCode":"FJ","west":177.129334,"countryName":"Fiji","continentName":"Oceania","currencyCode":"FJD"},{"continent":"SA","capital":"Stanley","languages":"en-FK","geonameId":3474414,"south":-52.360512,"isoAlpha3":"FLK","north":-51.24065,"fipsCode":"FK","population":"2638","east":-57.712486,"isoNumeric":"238","areaInSqKm":"12173.0","countryCode":"FK","west":-61.345192,"countryName":"Falkland Islands","continentName":"South America","currencyCode":"FKP"},{"continent":"OC","capital":"Palikir","languages":"en-FM,chk,pon,yap,kos,uli,woe,nkr,kpg","geonameId":2081918,"south":1.02629,"isoAlpha3":"FSM","north":10.08904,"fipsCode":"FM","population":"107708","east":163.03717,"isoNumeric":"583","areaInSqKm":"702.0","countryCode":"FM","west":137.33648,"countryName":"Micronesia","continentName":"Oceania","currencyCode":"USD"},{"continent":"EU","capital":"Tórshavn","languages":"fo,da-FO","geonameId":2622320,"south":61.394943,"isoAlpha3":"FRO","north":62.400749,"fipsCode":"FO","population":"48228","east":-6.399583,"isoNumeric":"234","areaInSqKm":"1399.0","countryCode":"FO","west":-7.458,"countryName":"Faroe Islands","continentName":"Europe","currencyCode":"DKK"},{"continent":"EU","capital":"Paris","languages":"fr-FR,frp,br,co,ca,eu,oc","geonameId":3017382,"south":41.371582,"isoAlpha3":"FRA","north":51.092804,"fipsCode":"FR","population":"64768389","east":9.561556,"isoNumeric":"250","areaInSqKm":"547030.0","countryCode":"FR","west":-5.142222,"countryName":"France","continentName":"Europe","currencyCode":"EUR"},{"continent":"AF","capital":"Libreville","languages":"fr-GA","geonameId":2400553,"south":-3.978806,"isoAlpha3":"GAB","north":2.322612,"fipsCode":"GB","population":"1545255","east":14.502347,"isoNumeric":"266","areaInSqKm":"267667.0","countryCode":"GA","west":8.695471,"countryName":"Gabon","continentName":"Africa","currencyCode":"XAF"},{"continent":"EU","capital":"London","languages":"en-GB,cy-GB,gd","geonameId":2635167,"south":49.906193,"isoAlpha3":"GBR","north":59.360249,"fipsCode":"UK","population":"62348447","east":1.759,"isoNumeric":"826","areaInSqKm":"244820.0","countryCode":"GB","west":-8.623555,"countryName":"United Kingdom","continentName":"Europe","currencyCode":"GBP"},{"continent":"NA","capital":"St. George's","languages":"en-GD","geonameId":3580239,"south":11.986893,"isoAlpha3":"GRD","north":12.318283928171299,"fipsCode":"GJ","population":"107818","east":-61.57676970108031,"isoNumeric":"308","areaInSqKm":"344.0","countryCode":"GD","west":-61.802344,"countryName":"Grenada","continentName":"North America","currencyCode":"XCD"},{"continent":"AS","capital":"Tbilisi","languages":"ka,ru,hy,az","geonameId":614540,"south":41.053196,"isoAlpha3":"GEO","north":43.586498,"fipsCode":"GG","population":"4630000","east":46.725971,"isoNumeric":"268","areaInSqKm":"69700.0","countryCode":"GE","west":40.010139,"countryName":"Georgia","continentName":"Asia","currencyCode":"GEL"},{"continent":"SA","capital":"Cayenne","languages":"fr-GF","geonameId":3381670,"south":2.127094,"isoAlpha3":"GUF","north":5.776496,"fipsCode":"FG","population":"195506","east":-51.613949,"isoNumeric":"254","areaInSqKm":"91000.0","countryCode":"GF","west":-54.542511,"countryName":"French Guiana","continentName":"South America","currencyCode":"EUR"},{"continent":"EU","capital":"St Peter Port","languages":"en,fr","geonameId":3042362,"south":49.40764156876899,"isoAlpha3":"GGY","north":49.731727816705416,"fipsCode":"GK","population":"65228","east":-2.1577152112246267,"isoNumeric":"831","areaInSqKm":"78.0","countryCode":"GG","west":-2.673194593476069,"countryName":"Guernsey","continentName":"Europe","currencyCode":"GBP"},{"continent":"AF","capital":"Accra","languages":"en-GH,ak,ee,tw","geonameId":2300660,"south":4.736723,"isoAlpha3":"GHA","north":11.173301,"fipsCode":"GH","population":"24339838","east":1.191781,"isoNumeric":"288","areaInSqKm":"239460.0","countryCode":"GH","west":-3.25542,"countryName":"Ghana","continentName":"Africa","currencyCode":"GHS"},{"continent":"EU","capital":"Gibraltar","languages":"en-GI,es,it,pt","geonameId":2411586,"south":36.10903070140248,"isoAlpha3":"GIB","north":36.155439135670726,"fipsCode":"GI","population":"27884","east":-5.338285164001491,"isoNumeric":"292","areaInSqKm":"6.5","countryCode":"GI","west":-5.36626149743654,"countryName":"Gibraltar","continentName":"Europe","currencyCode":"GIP"},{"continent":"NA","capital":"Nuuk","languages":"kl,da-GL,en","geonameId":3425505,"south":59.777401,"isoAlpha3":"GRL","north":83.627357,"fipsCode":"GL","population":"56375","east":-11.312319,"isoNumeric":"304","areaInSqKm":"2166086.0","countryCode":"GL","west":-73.04203,"countryName":"Greenland","continentName":"North America","currencyCode":"DKK"},{"continent":"AF","capital":"Bathurst","languages":"en-GM,mnk,wof,wo,ff","geonameId":2413451,"south":13.064252,"isoAlpha3":"GMB","north":13.826571,"fipsCode":"GA","population":"1593256","east":-13.797793,"isoNumeric":"270","areaInSqKm":"11300.0","countryCode":"GM","west":-16.825079,"countryName":"Gambia","continentName":"Africa","currencyCode":"GMD"},{"continent":"AF","capital":"Conakry","languages":"fr-GN","geonameId":2420477,"south":7.193553,"isoAlpha3":"GIN","north":12.67622,"fipsCode":"GV","population":"10324025","east":-7.641071,"isoNumeric":"324","areaInSqKm":"245857.0","countryCode":"GN","west":-14.926619,"countryName":"Guinea","continentName":"Africa","currencyCode":"GNF"},{"continent":"NA","capital":"Basse-Terre","languages":"fr-GP","geonameId":3579143,"south":15.867565,"isoAlpha3":"GLP","north":16.516848,"fipsCode":"GP","population":"443000","east":-61,"isoNumeric":"312","areaInSqKm":"1780.0","countryCode":"GP","west":-61.544765,"countryName":"Guadeloupe","continentName":"North America","currencyCode":"EUR"},{"continent":"AF","capital":"Malabo","languages":"es-GQ,fr","geonameId":2309096,"south":0.92086,"isoAlpha3":"GNQ","north":2.346989,"fipsCode":"EK","population":"1014999","east":11.335724,"isoNumeric":"226","areaInSqKm":"28051.0","countryCode":"GQ","west":9.346865,"countryName":"Equatorial Guinea","continentName":"Africa","currencyCode":"XAF"},{"continent":"EU","capital":"Athens","languages":"el-GR,en,fr","geonameId":390903,"south":34.8020663391466,"isoAlpha3":"GRC","north":41.7484999849641,"fipsCode":"GR","population":"11000000","east":28.2470831714347,"isoNumeric":"300","areaInSqKm":"131940.0","countryCode":"GR","west":19.3736035624134,"countryName":"Greece","continentName":"Europe","currencyCode":"EUR"},{"continent":"AN","capital":"Grytviken","languages":"en","geonameId":3474415,"south":-59.479259,"isoAlpha3":"SGS","north":-53.970467,"fipsCode":"SX","population":"30","east":-26.229326,"isoNumeric":"239","areaInSqKm":"3903.0","countryCode":"GS","west":-38.021175,"countryName":"South Georgia and the South Sandwich Islands","continentName":"Antarctica","currencyCode":"GBP"},{"continent":"NA","capital":"Guatemala City","languages":"es-GT","geonameId":3595528,"south":13.737302,"isoAlpha3":"GTM","north":17.81522,"fipsCode":"GT","population":"13550440","east":-88.223198,"isoNumeric":"320","areaInSqKm":"108890.0","countryCode":"GT","west":-92.23629,"countryName":"Guatemala","continentName":"North America","currencyCode":"GTQ"},{"continent":"OC","capital":"Hagåtña","languages":"en-GU,ch-GU","geonameId":4043988,"south":13.23376,"isoAlpha3":"GUM","north":13.654402,"fipsCode":"GQ","population":"159358","east":144.956894,"isoNumeric":"316","areaInSqKm":"549.0","countryCode":"GU","west":144.61806,"countryName":"Guam","continentName":"Oceania","currencyCode":"USD"},{"continent":"AF","capital":"Bissau","languages":"pt-GW,pov","geonameId":2372248,"south":10.924265,"isoAlpha3":"GNB","north":12.680789,"fipsCode":"PU","population":"1565126","east":-13.636522,"isoNumeric":"624","areaInSqKm":"36120.0","countryCode":"GW","west":-16.717535,"countryName":"Guinea-Bissau","continentName":"Africa","currencyCode":"XOF"},{"continent":"SA","capital":"Georgetown","languages":"en-GY","geonameId":3378535,"south":1.17508,"isoAlpha3":"GUY","north":8.557567,"fipsCode":"GY","population":"748486","east":-56.480251,"isoNumeric":"328","areaInSqKm":"214970.0","countryCode":"GY","west":-61.384762,"countryName":"Guyana","continentName":"South America","currencyCode":"GYD"},{"continent":"AS","capital":"Hong Kong","languages":"zh-HK,yue,zh,en","geonameId":1819730,"south":22.15325,"isoAlpha3":"HKG","north":22.559778,"fipsCode":"HK","population":"6898686","east":114.434753,"isoNumeric":"344","areaInSqKm":"1092.0","countryCode":"HK","west":113.837753,"countryName":"Hong Kong","continentName":"Asia","currencyCode":"HKD"},{"continent":"AN","capital":"","languages":"","geonameId":1547314,"south":-53.192001,"isoAlpha3":"HMD","north":-52.909416,"fipsCode":"HM","population":"0","east":73.859146,"isoNumeric":"334","areaInSqKm":"412.0","countryCode":"HM","west":72.596535,"countryName":"Heard Island and McDonald Islands","continentName":"Antarctica","currencyCode":"AUD"},{"continent":"NA","capital":"Tegucigalpa","languages":"es-HN","geonameId":3608932,"south":12.982411,"isoAlpha3":"HND","north":16.510256,"fipsCode":"HO","population":"7989415","east":-83.155403,"isoNumeric":"340","areaInSqKm":"112090.0","countryCode":"HN","west":-89.350792,"countryName":"Honduras","continentName":"North America","currencyCode":"HNL"},{"continent":"EU","capital":"Zagreb","languages":"hr-HR,sr","geonameId":3202326,"south":42.43589,"isoAlpha3":"HRV","north":46.53875,"fipsCode":"HR","population":"4284889","east":19.427389,"isoNumeric":"191","areaInSqKm":"56542.0","countryCode":"HR","west":13.493222,"countryName":"Croatia","continentName":"Europe","currencyCode":"HRK"},{"continent":"NA","capital":"Port-au-Prince","languages":"ht,fr-HT","geonameId":3723988,"south":18.021032,"isoAlpha3":"HTI","north":20.08782,"fipsCode":"HA","population":"9648924","east":-71.613358,"isoNumeric":"332","areaInSqKm":"27750.0","countryCode":"HT","west":-74.478584,"countryName":"Haiti","continentName":"North America","currencyCode":"HTG"},{"continent":"EU","capital":"Budapest","languages":"hu-HU","geonameId":719819,"south":45.74361,"isoAlpha3":"HUN","north":48.585667,"fipsCode":"HU","population":"9982000","east":22.906,"isoNumeric":"348","areaInSqKm":"93030.0","countryCode":"HU","west":16.111889,"countryName":"Hungary","continentName":"Europe","currencyCode":"HUF"},{"continent":"AS","capital":"Jakarta","languages":"id,en,nl,jv","geonameId":1643084,"south":-10.941861,"isoAlpha3":"IDN","north":5.904417,"fipsCode":"ID","population":"242968342","east":141.021805,"isoNumeric":"360","areaInSqKm":"1919440.0","countryCode":"ID","west":95.009331,"countryName":"Indonesia","continentName":"Asia","currencyCode":"IDR"},{"continent":"EU","capital":"Dublin","languages":"en-IE,ga-IE","geonameId":2963597,"south":51.451584,"isoAlpha3":"IRL","north":55.387917,"fipsCode":"EI","population":"4622917","east":-6.002389,"isoNumeric":"372","areaInSqKm":"70280.0","countryCode":"IE","west":-10.478556,"countryName":"Ireland","continentName":"Europe","currencyCode":"EUR"},{"continent":"AS","capital":"","languages":"he,ar-IL,en-IL,","geonameId":294640,"south":29.496639,"isoAlpha3":"ISR","north":33.340137,"fipsCode":"IS","population":"7353985","east":35.876804,"isoNumeric":"376","areaInSqKm":"20770.0","countryCode":"IL","west":34.270278754419145,"countryName":"Israel","continentName":"Asia","currencyCode":"ILS"},{"continent":"EU","capital":"Douglas","languages":"en,gv","geonameId":3042225,"south":54.055916,"isoAlpha3":"IMN","north":54.419724,"fipsCode":"IM","population":"75049","east":-4.3115,"isoNumeric":"833","areaInSqKm":"572.0","countryCode":"IM","west":-4.798722,"countryName":"Isle of Man","continentName":"Europe","currencyCode":"GBP"},{"continent":"AS","capital":"New Delhi","languages":"en-IN,hi,bn,te,mr,ta,ur,gu,kn,ml,or,pa,as,bh,sat,ks,ne,sd,kok,doi,mni,sit,sa,fr,lus,inc","geonameId":1269750,"south":6.747139,"isoAlpha3":"IND","north":35.504223,"fipsCode":"IN","population":"1173108018","east":97.403305,"isoNumeric":"356","areaInSqKm":"3287590.0","countryCode":"IN","west":68.186691,"countryName":"India","continentName":"Asia","currencyCode":"INR"},{"continent":"AS","capital":"","languages":"en-IO","geonameId":1282588,"south":-7.438028,"isoAlpha3":"IOT","north":-5.268333,"fipsCode":"IO","population":"4000","east":72.493164,"isoNumeric":"086","areaInSqKm":"60.0","countryCode":"IO","west":71.259972,"countryName":"British Indian Ocean Territory","continentName":"Asia","currencyCode":"USD"},{"continent":"AS","capital":"Baghdad","languages":"ar-IQ,ku,hy","geonameId":99237,"south":29.069445,"isoAlpha3":"IRQ","north":37.378029,"fipsCode":"IZ","population":"29671605","east":48.575916,"isoNumeric":"368","areaInSqKm":"437072.0","countryCode":"IQ","west":38.795887,"countryName":"Iraq","continentName":"Asia","currencyCode":"IQD"},{"continent":"AS","capital":"Tehran","languages":"fa-IR,ku","geonameId":130758,"south":25.064083,"isoAlpha3":"IRN","north":39.777222,"fipsCode":"IR","population":"76923300","east":63.317471,"isoNumeric":"364","areaInSqKm":"1648000.0","countryCode":"IR","west":44.047279,"countryName":"Iran","continentName":"Asia","currencyCode":"IRR"},{"continent":"EU","capital":"Reykjavik","languages":"is,en,de,da,sv,no","geonameId":2629691,"south":63.393253,"isoAlpha3":"ISL","north":66.53463,"fipsCode":"IC","population":"308910","east":-13.495815,"isoNumeric":"352","areaInSqKm":"103000.0","countryCode":"IS","west":-24.546524,"countryName":"Iceland","continentName":"Europe","currencyCode":"ISK"},{"continent":"EU","capital":"Rome","languages":"it-IT,de-IT,fr-IT,sc,ca,co,sl","geonameId":3175395,"south":36.652779,"isoAlpha3":"ITA","north":47.095196,"fipsCode":"IT","population":"60340328","east":18.513445,"isoNumeric":"380","areaInSqKm":"301230.0","countryCode":"IT","west":6.614889,"countryName":"Italy","continentName":"Europe","currencyCode":"EUR"},{"continent":"EU","capital":"Saint Helier","languages":"en,pt","geonameId":3042142,"south":49.169834,"isoAlpha3":"JEY","north":49.265057,"fipsCode":"JE","population":"90812","east":-2.022083,"isoNumeric":"832","areaInSqKm":"116.0","countryCode":"JE","west":-2.260028,"countryName":"Jersey","continentName":"Europe","currencyCode":"GBP"},{"continent":"NA","capital":"Kingston","languages":"en-JM","geonameId":3489940,"south":17.703554,"isoAlpha3":"JAM","north":18.526976,"fipsCode":"JM","population":"2847232","east":-76.180321,"isoNumeric":"388","areaInSqKm":"10991.0","countryCode":"JM","west":-78.366638,"countryName":"Jamaica","continentName":"North America","currencyCode":"JMD"},{"continent":"AS","capital":"Amman","languages":"ar-JO,en","geonameId":248816,"south":29.185888,"isoAlpha3":"JOR","north":33.367668,"fipsCode":"JO","population":"6407085","east":39.301167,"isoNumeric":"400","areaInSqKm":"92300.0","countryCode":"JO","west":34.959999,"countryName":"Jordan","continentName":"Asia","currencyCode":"JOD"},{"continent":"AS","capital":"Tokyo","languages":"ja","geonameId":1861060,"south":24.249472,"isoAlpha3":"JPN","north":45.52314,"fipsCode":"JA","population":"127288000","east":145.820892,"isoNumeric":"392","areaInSqKm":"377835.0","countryCode":"JP","west":122.93853,"countryName":"Japan","continentName":"Asia","currencyCode":"JPY"},{"continent":"AF","capital":"Nairobi","languages":"en-KE,sw-KE","geonameId":192950,"south":-4.678047,"isoAlpha3":"KEN","north":5.019938,"fipsCode":"KE","population":"40046566","east":41.899078,"isoNumeric":"404","areaInSqKm":"582650.0","countryCode":"KE","west":33.908859,"countryName":"Kenya","continentName":"Africa","currencyCode":"KES"},{"continent":"AS","capital":"Bishkek","languages":"ky,uz,ru","geonameId":1527747,"south":39.172832,"isoAlpha3":"KGZ","north":43.238224,"fipsCode":"KG","population":"5776500","east":80.283165,"isoNumeric":"417","areaInSqKm":"198500.0","countryCode":"KG","west":69.276611,"countryName":"Kyrgyzstan","continentName":"Asia","currencyCode":"KGS"},{"continent":"AS","capital":"Phnom Penh","languages":"km,fr,en","geonameId":1831722,"south":10.409083,"isoAlpha3":"KHM","north":14.686417,"fipsCode":"CB","population":"14453680","east":107.627724,"isoNumeric":"116","areaInSqKm":"181040.0","countryCode":"KH","west":102.339996,"countryName":"Cambodia","continentName":"Asia","currencyCode":"KHR"},{"continent":"OC","capital":"Tarawa","languages":"en-KI,gil","geonameId":4030945,"south":-11.446881150186856,"isoAlpha3":"KIR","north":4.71957,"fipsCode":"KR","population":"92533","east":-150.215347,"isoNumeric":"296","areaInSqKm":"811.0","countryCode":"KI","west":169.556137,"countryName":"Kiribati","continentName":"Oceania","currencyCode":"AUD"},{"continent":"AF","capital":"Moroni","languages":"ar,fr-KM","geonameId":921929,"south":-12.387857,"isoAlpha3":"COM","north":-11.362381,"fipsCode":"CN","population":"773407","east":44.538223,"isoNumeric":"174","areaInSqKm":"2170.0","countryCode":"KM","west":43.21579,"countryName":"Comoros","continentName":"Africa","currencyCode":"KMF"},{"continent":"NA","capital":"Basseterre","languages":"en-KN","geonameId":3575174,"south":17.095343,"isoAlpha3":"KNA","north":17.420118,"fipsCode":"SC","population":"51134","east":-62.543266,"isoNumeric":"659","areaInSqKm":"261.0","countryCode":"KN","west":-62.86956,"countryName":"Saint Kitts and Nevis","continentName":"North America","currencyCode":"XCD"},{"continent":"AS","capital":"Pyongyang","languages":"ko-KP","geonameId":1873107,"south":37.673332,"isoAlpha3":"PRK","north":43.006054,"fipsCode":"KN","population":"22912177","east":130.674866,"isoNumeric":"408","areaInSqKm":"120540.0","countryCode":"KP","west":124.315887,"countryName":"North Korea","continentName":"Asia","currencyCode":"KPW"},{"continent":"AS","capital":"Seoul","languages":"ko-KR,en","geonameId":1835841,"south":33.190945,"isoAlpha3":"KOR","north":38.612446,"fipsCode":"KS","population":"48422644","east":129.584671,"isoNumeric":"410","areaInSqKm":"98480.0","countryCode":"KR","west":125.887108,"countryName":"South Korea","continentName":"Asia","currencyCode":"KRW"},{"continent":"AS","capital":"Kuwait City","languages":"ar-KW,en","geonameId":285570,"south":28.524611,"isoAlpha3":"KWT","north":30.095945,"fipsCode":"KU","population":"2789132","east":48.431473,"isoNumeric":"414","areaInSqKm":"17820.0","countryCode":"KW","west":46.555557,"countryName":"Kuwait","continentName":"Asia","currencyCode":"KWD"},{"continent":"NA","capital":"George Town","languages":"en-KY","geonameId":3580718,"south":19.263029,"isoAlpha3":"CYM","north":19.7617,"fipsCode":"CJ","population":"44270","east":-79.727272,"isoNumeric":"136","areaInSqKm":"262.0","countryCode":"KY","west":-81.432777,"countryName":"Cayman Islands","continentName":"North America","currencyCode":"KYD"},{"continent":"AS","capital":"Astana","languages":"kk,ru","geonameId":1522867,"south":40.936333,"isoAlpha3":"KAZ","north":55.451195,"fipsCode":"KZ","population":"15340000","east":87.312668,"isoNumeric":"398","areaInSqKm":"2717300.0","countryCode":"KZ","west":46.491859,"countryName":"Kazakhstan","continentName":"Asia","currencyCode":"KZT"},{"continent":"AS","capital":"Vientiane","languages":"lo,fr,en","geonameId":1655842,"south":13.910027,"isoAlpha3":"LAO","north":22.500389,"fipsCode":"LA","population":"6368162","east":107.697029,"isoNumeric":"418","areaInSqKm":"236800.0","countryCode":"LA","west":100.093056,"countryName":"Laos","continentName":"Asia","currencyCode":"LAK"},{"continent":"AS","capital":"Beirut","languages":"ar-LB,fr-LB,en,hy","geonameId":272103,"south":33.05386,"isoAlpha3":"LBN","north":34.691418,"fipsCode":"LE","population":"4125247","east":36.639194,"isoNumeric":"422","areaInSqKm":"10400.0","countryCode":"LB","west":35.114277,"countryName":"Lebanon","continentName":"Asia","currencyCode":"LBP"},{"continent":"NA","capital":"Castries","languages":"en-LC","geonameId":3576468,"south":13.704778,"isoAlpha3":"LCA","north":14.103245,"fipsCode":"ST","population":"160922","east":-60.874203,"isoNumeric":"662","areaInSqKm":"616.0","countryCode":"LC","west":-61.07415,"countryName":"Saint Lucia","continentName":"North America","currencyCode":"XCD"},{"continent":"EU","capital":"Vaduz","languages":"de-LI","geonameId":3042058,"south":47.0484284123471,"isoAlpha3":"LIE","north":47.2706251386959,"fipsCode":"LS","population":"35000","east":9.63564281136796,"isoNumeric":"438","areaInSqKm":"160.0","countryCode":"LI","west":9.47167359782014,"countryName":"Liechtenstein","continentName":"Europe","currencyCode":"CHF"},{"continent":"AS","capital":"Colombo","languages":"si,ta,en","geonameId":1227603,"south":5.916833,"isoAlpha3":"LKA","north":9.831361,"fipsCode":"CE","population":"21513990","east":81.881279,"isoNumeric":"144","areaInSqKm":"65610.0","countryCode":"LK","west":79.652916,"countryName":"Sri Lanka","continentName":"Asia","currencyCode":"LKR"},{"continent":"AF","capital":"Monrovia","languages":"en-LR","geonameId":2275384,"south":4.353057,"isoAlpha3":"LBR","north":8.551791,"fipsCode":"LI","population":"3685076","east":-7.365113,"isoNumeric":"430","areaInSqKm":"111370.0","countryCode":"LR","west":-11.492083,"countryName":"Liberia","continentName":"Africa","currencyCode":"LRD"},{"continent":"AF","capital":"Maseru","languages":"en-LS,st,zu,xh","geonameId":932692,"south":-30.668964,"isoAlpha3":"LSO","north":-28.572058,"fipsCode":"LT","population":"1919552","east":29.465761,"isoNumeric":"426","areaInSqKm":"30355.0","countryCode":"LS","west":27.029068,"countryName":"Lesotho","continentName":"Africa","currencyCode":"LSL"},{"continent":"EU","capital":"Vilnius","languages":"lt,ru,pl","geonameId":597427,"south":53.901306,"isoAlpha3":"LTU","north":56.446918,"fipsCode":"LH","population":"2944459","east":26.871944,"isoNumeric":"440","areaInSqKm":"65200.0","countryCode":"LT","west":20.941528,"countryName":"Lithuania","continentName":"Europe","currencyCode":"EUR"},{"continent":"EU","capital":"Luxembourg","languages":"lb,de-LU,fr-LU","geonameId":2960313,"south":49.446583,"isoAlpha3":"LUX","north":50.184944,"fipsCode":"LU","population":"497538","east":6.528472,"isoNumeric":"442","areaInSqKm":"2586.0","countryCode":"LU","west":5.734556,"countryName":"Luxembourg","continentName":"Europe","currencyCode":"EUR"},{"continent":"EU","capital":"Riga","languages":"lv,ru,lt","geonameId":458258,"south":55.668861,"isoAlpha3":"LVA","north":58.082306,"fipsCode":"LG","population":"2217969","east":28.241167,"isoNumeric":"428","areaInSqKm":"64589.0","countryCode":"LV","west":20.974277,"countryName":"Latvia","continentName":"Europe","currencyCode":"EUR"},{"continent":"AF","capital":"Tripoli","languages":"ar-LY,it,en","geonameId":2215636,"south":19.508045,"isoAlpha3":"LBY","north":33.168999,"fipsCode":"LY","population":"6461454","east":25.150612,"isoNumeric":"434","areaInSqKm":"1759540.0","countryCode":"LY","west":9.38702,"countryName":"Libya","continentName":"Africa","currencyCode":"LYD"},{"continent":"AF","capital":"Rabat","languages":"ar-MA,fr","geonameId":2542007,"south":27.662115,"isoAlpha3":"MAR","north":35.9224966985384,"fipsCode":"MO","population":"31627428","east":-0.991750000000025,"isoNumeric":"504","areaInSqKm":"446550.0","countryCode":"MA","west":-13.168586,"countryName":"Morocco","continentName":"Africa","currencyCode":"MAD"},{"continent":"EU","capital":"Monaco","languages":"fr-MC,en,it","geonameId":2993457,"south":43.72472839869377,"isoAlpha3":"MCO","north":43.75196717037228,"fipsCode":"MN","population":"32965","east":7.439939260482788,"isoNumeric":"492","areaInSqKm":"1.95","countryCode":"MC","west":7.408962249755859,"countryName":"Monaco","continentName":"Europe","currencyCode":"EUR"},{"continent":"EU","capital":"Chişinău","languages":"ro,ru,gag,tr","geonameId":617790,"south":45.468887,"isoAlpha3":"MDA","north":48.490166,"fipsCode":"MD","population":"4324000","east":30.135445,"isoNumeric":"498","areaInSqKm":"33843.0","countryCode":"MD","west":26.618944,"countryName":"Moldova","continentName":"Europe","currencyCode":"MDL"},{"continent":"EU","capital":"Podgorica","languages":"sr,hu,bs,sq,hr,rom","geonameId":3194884,"south":41.850166,"isoAlpha3":"MNE","north":43.570137,"fipsCode":"MJ","population":"666730","east":20.358833,"isoNumeric":"499","areaInSqKm":"14026.0","countryCode":"ME","west":18.461306,"countryName":"Montenegro","continentName":"Europe","currencyCode":"EUR"},{"continent":"NA","capital":"Marigot","languages":"fr","geonameId":3578421,"south":18.052231,"isoAlpha3":"MAF","north":18.130354,"fipsCode":"RN","population":"35925","east":-63.012993,"isoNumeric":"663","areaInSqKm":"53.0","countryCode":"MF","west":-63.152767,"countryName":"Saint Martin","continentName":"North America","currencyCode":"EUR"},{"continent":"AF","capital":"Antananarivo","languages":"fr-MG,mg","geonameId":1062947,"south":-25.608952,"isoAlpha3":"MDG","north":-11.945433,"fipsCode":"MA","population":"21281844","east":50.48378,"isoNumeric":"450","areaInSqKm":"587040.0","countryCode":"MG","west":43.224876,"countryName":"Madagascar","continentName":"Africa","currencyCode":"MGA"},{"continent":"OC","capital":"Majuro","languages":"mh,en-MH","geonameId":2080185,"south":5.587639,"isoAlpha3":"MHL","north":14.62,"fipsCode":"RM","population":"65859","east":171.931808,"isoNumeric":"584","areaInSqKm":"181.3","countryCode":"MH","west":165.524918,"countryName":"Marshall Islands","continentName":"Oceania","currencyCode":"USD"},{"continent":"EU","capital":"Skopje","languages":"mk,sq,tr,rmm,sr","geonameId":718075,"south":40.860195,"isoAlpha3":"MKD","north":42.361805,"fipsCode":"MK","population":"2062294","east":23.038139,"isoNumeric":"807","areaInSqKm":"25333.0","countryCode":"MK","west":20.464695,"countryName":"Macedonia","continentName":"Europe","currencyCode":"MKD"},{"continent":"AF","capital":"Bamako","languages":"fr-ML,bm","geonameId":2453866,"south":10.159513,"isoAlpha3":"MLI","north":25.000002,"fipsCode":"ML","population":"13796354","east":4.244968,"isoNumeric":"466","areaInSqKm":"1240000.0","countryCode":"ML","west":-12.242614,"countryName":"Mali","continentName":"Africa","currencyCode":"XOF"},{"continent":"AS","capital":"Naypyitaw","languages":"my","geonameId":1327865,"south":9.784583,"isoAlpha3":"MMR","north":28.543249,"fipsCode":"BM","population":"53414374","east":101.176781,"isoNumeric":"104","areaInSqKm":"678500.0","countryCode":"MM","west":92.189278,"countryName":"Myanmar [Burma]","continentName":"Asia","currencyCode":"MMK"},{"continent":"AS","capital":"Ulan Bator","languages":"mn,ru","geonameId":2029969,"south":41.567638,"isoAlpha3":"MNG","north":52.154251,"fipsCode":"MG","population":"3086918","east":119.924309,"isoNumeric":"496","areaInSqKm":"1565000.0","countryCode":"MN","west":87.749664,"countryName":"Mongolia","continentName":"Asia","currencyCode":"MNT"},{"continent":"AS","capital":"Macao","languages":"zh,zh-MO,pt","geonameId":1821275,"south":22.180389,"isoAlpha3":"MAC","north":22.222334,"fipsCode":"MC","population":"449198","east":113.565834,"isoNumeric":"446","areaInSqKm":"254.0","countryCode":"MO","west":113.528946,"countryName":"Macao","continentName":"Asia","currencyCode":"MOP"},{"continent":"OC","capital":"Saipan","languages":"fil,tl,zh,ch-MP,en-MP","geonameId":4041468,"south":14.11023,"isoAlpha3":"MNP","north":20.55344,"fipsCode":"CQ","population":"53883","east":146.06528,"isoNumeric":"580","areaInSqKm":"477.0","countryCode":"MP","west":144.88626,"countryName":"Northern Mariana Islands","continentName":"Oceania","currencyCode":"USD"},{"continent":"NA","capital":"Fort-de-France","languages":"fr-MQ","geonameId":3570311,"south":14.392262,"isoAlpha3":"MTQ","north":14.878819,"fipsCode":"MB","population":"432900","east":-60.81551,"isoNumeric":"474","areaInSqKm":"1100.0","countryCode":"MQ","west":-61.230118,"countryName":"Martinique","continentName":"North America","currencyCode":"EUR"},{"continent":"AF","capital":"Nouakchott","languages":"ar-MR,fuc,snk,fr,mey,wo","geonameId":2378080,"south":14.715547,"isoAlpha3":"MRT","north":27.298073,"fipsCode":"MR","population":"3205060","east":-4.827674,"isoNumeric":"478","areaInSqKm":"1030700.0","countryCode":"MR","west":-17.066521,"countryName":"Mauritania","continentName":"Africa","currencyCode":"MRO"},{"continent":"NA","capital":"Plymouth","languages":"en-MS","geonameId":3578097,"south":16.674768935441556,"isoAlpha3":"MSR","north":16.824060205313184,"fipsCode":"MH","population":"9341","east":-62.144100129608205,"isoNumeric":"500","areaInSqKm":"102.0","countryCode":"MS","west":-62.24138237036129,"countryName":"Montserrat","continentName":"North America","currencyCode":"XCD"},{"continent":"EU","capital":"Valletta","languages":"mt,en-MT","geonameId":2562770,"south":35.8061835000002,"isoAlpha3":"MLT","north":36.0821530995456,"fipsCode":"MT","population":"403000","east":14.5764915000002,"isoNumeric":"470","areaInSqKm":"316.0","countryCode":"MT","west":14.1834251000001,"countryName":"Malta","continentName":"Europe","currencyCode":"EUR"},{"continent":"AF","capital":"Port Louis","languages":"en-MU,bho,fr","geonameId":934292,"south":-20.525717,"isoAlpha3":"MUS","north":-10.319255,"fipsCode":"MP","population":"1294104","east":63.500179,"isoNumeric":"480","areaInSqKm":"2040.0","countryCode":"MU","west":56.512718,"countryName":"Mauritius","continentName":"Africa","currencyCode":"MUR"},{"continent":"AS","capital":"Malé","languages":"dv,en","geonameId":1282028,"south":-0.692694,"isoAlpha3":"MDV","north":7.091587495414767,"fipsCode":"MV","population":"395650","east":73.637276,"isoNumeric":"462","areaInSqKm":"300.0","countryCode":"MV","west":72.693222,"countryName":"Maldives","continentName":"Asia","currencyCode":"MVR"},{"continent":"AF","capital":"Lilongwe","languages":"ny,yao,tum,swk","geonameId":927384,"south":-17.125,"isoAlpha3":"MWI","north":-9.367541,"fipsCode":"MI","population":"15447500","east":35.916821,"isoNumeric":"454","areaInSqKm":"118480.0","countryCode":"MW","west":32.67395,"countryName":"Malawi","continentName":"Africa","currencyCode":"MWK"},{"continent":"NA","capital":"Mexico City","languages":"es-MX","geonameId":3996063,"south":14.532866,"isoAlpha3":"MEX","north":32.716759,"fipsCode":"MX","population":"112468855","east":-86.703392,"isoNumeric":"484","areaInSqKm":"1972550.0","countryCode":"MX","west":-118.453949,"countryName":"Mexico","continentName":"North America","currencyCode":"MXN"},{"continent":"AS","capital":"Kuala Lumpur","languages":"ms-MY,en,zh,ta,te,ml,pa,th","geonameId":1733045,"south":0.855222,"isoAlpha3":"MYS","north":7.363417,"fipsCode":"MY","population":"28274729","east":119.267502,"isoNumeric":"458","areaInSqKm":"329750.0","countryCode":"MY","west":99.643448,"countryName":"Malaysia","continentName":"Asia","currencyCode":"MYR"},{"continent":"AF","capital":"Maputo","languages":"pt-MZ,vmw","geonameId":1036973,"south":-26.868685,"isoAlpha3":"MOZ","north":-10.471883,"fipsCode":"MZ","population":"22061451","east":40.842995,"isoNumeric":"508","areaInSqKm":"801590.0","countryCode":"MZ","west":30.217319,"countryName":"Mozambique","continentName":"Africa","currencyCode":"MZN"},{"continent":"AF","capital":"Windhoek","languages":"en-NA,af,de,hz,naq","geonameId":3355338,"south":-28.97143,"isoAlpha3":"NAM","north":-16.959894,"fipsCode":"WA","population":"2128471","east":25.256701,"isoNumeric":"516","areaInSqKm":"825418.0","countryCode":"NA","west":11.71563,"countryName":"Namibia","continentName":"Africa","currencyCode":"NAD"},{"continent":"OC","capital":"Noumea","languages":"fr-NC","geonameId":2139685,"south":-22.698,"isoAlpha3":"NCL","north":-19.549778,"fipsCode":"NC","population":"216494","east":168.129135,"isoNumeric":"540","areaInSqKm":"19060.0","countryCode":"NC","west":163.564667,"countryName":"New Caledonia","continentName":"Oceania","currencyCode":"XPF"},{"continent":"AF","capital":"Niamey","languages":"fr-NE,ha,kr,dje","geonameId":2440476,"south":11.696975,"isoAlpha3":"NER","north":23.525026,"fipsCode":"NG","population":"15878271","east":15.995643,"isoNumeric":"562","areaInSqKm":"1267000.0","countryCode":"NE","west":0.16625,"countryName":"Niger","continentName":"Africa","currencyCode":"XOF"},{"continent":"OC","capital":"Kingston","languages":"en-NF","geonameId":2155115,"south":-29.063076742954735,"isoAlpha3":"NFK","north":-28.995170686948427,"fipsCode":"NF","population":"1828","east":167.99773740209957,"isoNumeric":"574","areaInSqKm":"34.6","countryCode":"NF","west":167.91543230151365,"countryName":"Norfolk Island","continentName":"Oceania","currencyCode":"AUD"},{"continent":"AF","capital":"Abuja","languages":"en-NG,ha,yo,ig,ff","geonameId":2328926,"south":4.277144,"isoAlpha3":"NGA","north":13.892007,"fipsCode":"NI","population":"154000000","east":14.680073,"isoNumeric":"566","areaInSqKm":"923768.0","countryCode":"NG","west":2.668432,"countryName":"Nigeria","continentName":"Africa","currencyCode":"NGN"},{"continent":"NA","capital":"Managua","languages":"es-NI,en","geonameId":3617476,"south":10.707543,"isoAlpha3":"NIC","north":15.025909,"fipsCode":"NU","population":"5995928","east":-82.738289,"isoNumeric":"558","areaInSqKm":"129494.0","countryCode":"NI","west":-87.690308,"countryName":"Nicaragua","continentName":"North America","currencyCode":"NIO"},{"continent":"EU","capital":"Amsterdam","languages":"nl-NL,fy-NL","geonameId":2750405,"south":50.753918,"isoAlpha3":"NLD","north":53.512196,"fipsCode":"NL","population":"16645000","east":7.227944,"isoNumeric":"528","areaInSqKm":"41526.0","countryCode":"NL","west":3.362556,"countryName":"Netherlands","continentName":"Europe","currencyCode":"EUR"},{"continent":"EU","capital":"Oslo","languages":"no,nb,nn,se,fi","geonameId":3144096,"south":57.977917,"isoAlpha3":"NOR","north":71.18811,"fipsCode":"NO","population":"5009150","east":31.078052520751953,"isoNumeric":"578","areaInSqKm":"324220.0","countryCode":"NO","west":4.650167,"countryName":"Norway","continentName":"Europe","currencyCode":"NOK"},{"continent":"AS","capital":"Kathmandu","languages":"ne,en","geonameId":1282988,"south":26.356722,"isoAlpha3":"NPL","north":30.43339,"fipsCode":"NP","population":"28951852","east":88.199333,"isoNumeric":"524","areaInSqKm":"140800.0","countryCode":"NP","west":80.056274,"countryName":"Nepal","continentName":"Asia","currencyCode":"NPR"},{"continent":"OC","capital":"Yaren","languages":"na,en-NR","geonameId":2110425,"south":-0.552333,"isoAlpha3":"NRU","north":-0.504306,"fipsCode":"NR","population":"10065","east":166.945282,"isoNumeric":"520","areaInSqKm":"21.0","countryCode":"NR","west":166.899033,"countryName":"Nauru","continentName":"Oceania","currencyCode":"AUD"},{"continent":"OC","capital":"Alofi","languages":"niu,en-NU","geonameId":4036232,"south":-19.152193,"isoAlpha3":"NIU","north":-18.951069,"fipsCode":"NE","population":"2166","east":-169.775177,"isoNumeric":"570","areaInSqKm":"260.0","countryCode":"NU","west":-169.951004,"countryName":"Niue","continentName":"Oceania","currencyCode":"NZD"},{"continent":"OC","capital":"Wellington","languages":"en-NZ,mi","geonameId":2186224,"south":-47.286026,"isoAlpha3":"NZL","north":-34.389668,"fipsCode":"NZ","population":"4252277","east":-180,"isoNumeric":"554","areaInSqKm":"268680.0","countryCode":"NZ","west":166.7155,"countryName":"New Zealand","continentName":"Oceania","currencyCode":"NZD"},{"continent":"AS","capital":"Muscat","languages":"ar-OM,en,bal,ur","geonameId":286963,"south":16.64575,"isoAlpha3":"OMN","north":26.387972,"fipsCode":"MU","population":"2967717","east":59.836582,"isoNumeric":"512","areaInSqKm":"212460.0","countryCode":"OM","west":51.882,"countryName":"Oman","continentName":"Asia","currencyCode":"OMR"},{"continent":"NA","capital":"Panama City","languages":"es-PA,en","geonameId":3703430,"south":7.197906,"isoAlpha3":"PAN","north":9.637514,"fipsCode":"PM","population":"3410676","east":-77.17411,"isoNumeric":"591","areaInSqKm":"78200.0","countryCode":"PA","west":-83.051445,"countryName":"Panama","continentName":"North America","currencyCode":"PAB"},{"continent":"SA","capital":"Lima","languages":"es-PE,qu,ay","geonameId":3932488,"south":-18.349728,"isoAlpha3":"PER","north":-0.012977,"fipsCode":"PE","population":"29907003","east":-68.677986,"isoNumeric":"604","areaInSqKm":"1285220.0","countryCode":"PE","west":-81.326744,"countryName":"Peru","continentName":"South America","currencyCode":"PEN"},{"continent":"OC","capital":"Papeete","languages":"fr-PF,ty","geonameId":4030656,"south":-27.653572,"isoAlpha3":"PYF","north":-7.903573,"fipsCode":"FP","population":"270485","east":-134.929825,"isoNumeric":"258","areaInSqKm":"4167.0","countryCode":"PF","west":-152.877167,"countryName":"French Polynesia","continentName":"Oceania","currencyCode":"XPF"},{"continent":"OC","capital":"Port Moresby","languages":"en-PG,ho,meu,tpi","geonameId":2088628,"south":-11.657861,"isoAlpha3":"PNG","north":-1.318639,"fipsCode":"PP","population":"6064515","east":155.96344,"isoNumeric":"598","areaInSqKm":"462840.0","countryCode":"PG","west":140.842865,"countryName":"Papua New Guinea","continentName":"Oceania","currencyCode":"PGK"},{"continent":"AS","capital":"Manila","languages":"tl,en-PH,fil","geonameId":1694008,"south":4.643306,"isoAlpha3":"PHL","north":21.120611,"fipsCode":"RP","population":"99900177","east":126.601524,"isoNumeric":"608","areaInSqKm":"300000.0","countryCode":"PH","west":116.931557,"countryName":"Philippines","continentName":"Asia","currencyCode":"PHP"},{"continent":"AS","capital":"Islamabad","languages":"ur-PK,en-PK,pa,sd,ps,brh","geonameId":1168579,"south":23.786722,"isoAlpha3":"PAK","north":37.097,"fipsCode":"PK","population":"184404791","east":77.840919,"isoNumeric":"586","areaInSqKm":"803940.0","countryCode":"PK","west":60.878613,"countryName":"Pakistan","continentName":"Asia","currencyCode":"PKR"},{"continent":"EU","capital":"Warsaw","languages":"pl","geonameId":798544,"south":49.006363,"isoAlpha3":"POL","north":54.839138,"fipsCode":"PL","population":"38500000","east":24.150749,"isoNumeric":"616","areaInSqKm":"312685.0","countryCode":"PL","west":14.123,"countryName":"Poland","continentName":"Europe","currencyCode":"PLN"},{"continent":"NA","capital":"Saint-Pierre","languages":"fr-PM","geonameId":3424932,"south":46.786041,"isoAlpha3":"SPM","north":47.146286,"fipsCode":"SB","population":"7012","east":-56.252991,"isoNumeric":"666","areaInSqKm":"242.0","countryCode":"PM","west":-56.420658,"countryName":"Saint Pierre and Miquelon","continentName":"North America","currencyCode":"EUR"},{"continent":"OC","capital":"Adamstown","languages":"en-PN","geonameId":4030699,"south":-24.672565,"isoAlpha3":"PCN","north":-24.315865,"fipsCode":"PC","population":"46","east":-124.77285,"isoNumeric":"612","areaInSqKm":"47.0","countryCode":"PN","west":-128.346436,"countryName":"Pitcairn Islands","continentName":"Oceania","currencyCode":"NZD"},{"continent":"NA","capital":"San Juan","languages":"en-PR,es-PR","geonameId":4566966,"south":17.926405,"isoAlpha3":"PRI","north":18.520166,"fipsCode":"RQ","population":"3916632","east":-65.242737,"isoNumeric":"630","areaInSqKm":"9104.0","countryCode":"PR","west":-67.942726,"countryName":"Puerto Rico","continentName":"North America","currencyCode":"USD"},{"continent":"AS","capital":"","languages":"ar-PS","geonameId":6254930,"south":31.216541290283203,"isoAlpha3":"PSE","north":32.54638671875,"fipsCode":"WE","population":"3800000","east":35.5732955932617,"isoNumeric":"275","areaInSqKm":"5970.0","countryCode":"PS","west":34.21665954589844,"countryName":"Palestine","continentName":"Asia","currencyCode":"ILS"},{"continent":"EU","capital":"Lisbon","languages":"pt-PT,mwl","geonameId":2264397,"south":36.96125,"isoAlpha3":"PRT","north":42.154311127408,"fipsCode":"PO","population":"10676000","east":-6.18915930748288,"isoNumeric":"620","areaInSqKm":"92391.0","countryCode":"PT","west":-9.50052660716588,"countryName":"Portugal","continentName":"Europe","currencyCode":"EUR"},{"continent":"OC","capital":"Melekeok","languages":"pau,sov,en-PW,tox,ja,fil,zh","geonameId":1559582,"south":2.8036,"isoAlpha3":"PLW","north":8.46966,"fipsCode":"PS","population":"19907","east":134.72307,"isoNumeric":"585","areaInSqKm":"458.0","countryCode":"PW","west":131.11788,"countryName":"Palau","continentName":"Oceania","currencyCode":"USD"},{"continent":"SA","capital":"Asunción","languages":"es-PY,gn","geonameId":3437598,"south":-27.608738,"isoAlpha3":"PRY","north":-19.294041,"fipsCode":"PA","population":"6375830","east":-54.259354,"isoNumeric":"600","areaInSqKm":"406750.0","countryCode":"PY","west":-62.647076,"countryName":"Paraguay","continentName":"South America","currencyCode":"PYG"},{"continent":"AS","capital":"Doha","languages":"ar-QA,es","geonameId":289688,"south":24.482944,"isoAlpha3":"QAT","north":26.154722,"fipsCode":"QA","population":"840926","east":51.636639,"isoNumeric":"634","areaInSqKm":"11437.0","countryCode":"QA","west":50.757221,"countryName":"Qatar","continentName":"Asia","currencyCode":"QAR"},{"continent":"AF","capital":"Saint-Denis","languages":"fr-RE","geonameId":935317,"south":-21.383747301469107,"isoAlpha3":"REU","north":-20.868391324576944,"fipsCode":"RE","population":"776948","east":55.838193901930026,"isoNumeric":"638","areaInSqKm":"2517.0","countryCode":"RE","west":55.21219224792685,"countryName":"Réunion","continentName":"Africa","currencyCode":"EUR"},{"continent":"EU","capital":"Bucharest","languages":"ro,hu,rom","geonameId":798549,"south":43.627304,"isoAlpha3":"ROU","north":48.266945,"fipsCode":"RO","population":"21959278","east":29.691055,"isoNumeric":"642","areaInSqKm":"237500.0","countryCode":"RO","west":20.269972,"countryName":"Romania","continentName":"Europe","currencyCode":"RON"},{"continent":"EU","capital":"Belgrade","languages":"sr,hu,bs,rom","geonameId":6290252,"south":42.232215881347656,"isoAlpha3":"SRB","north":46.18138885498047,"fipsCode":"RI","population":"7344847","east":23.00499725341797,"isoNumeric":"688","areaInSqKm":"88361.0","countryCode":"RS","west":18.817020416259766,"countryName":"Serbia","continentName":"Europe","currencyCode":"RSD"},{"continent":"EU","capital":"Moscow","languages":"ru,tt,xal,cau,ady,kv,ce,tyv,cv,udm,tut,mns,bua,myv,mdf,chm,ba,inh,tut,kbd,krc,ava,sah,nog","geonameId":2017370,"south":41.188862,"isoAlpha3":"RUS","north":81.857361,"fipsCode":"RS","population":"140702000","east":-169.05,"isoNumeric":"643","areaInSqKm":"1.71E7","countryCode":"RU","west":19.25,"countryName":"Russia","continentName":"Europe","currencyCode":"RUB"},{"continent":"AF","capital":"Kigali","languages":"rw,en-RW,fr-RW,sw","geonameId":49518,"south":-2.840679,"isoAlpha3":"RWA","north":-1.053481,"fipsCode":"RW","population":"11055976","east":30.895958,"isoNumeric":"646","areaInSqKm":"26338.0","countryCode":"RW","west":28.856794,"countryName":"Rwanda","continentName":"Africa","currencyCode":"RWF"},{"continent":"AS","capital":"Riyadh","languages":"ar-SA","geonameId":102358,"south":15.61425,"isoAlpha3":"SAU","north":32.158333,"fipsCode":"SA","population":"25731776","east":55.666584,"isoNumeric":"682","areaInSqKm":"1960582.0","countryCode":"SA","west":34.495693,"countryName":"Saudi Arabia","continentName":"Asia","currencyCode":"SAR"},{"continent":"OC","capital":"Honiara","languages":"en-SB,tpi","geonameId":2103350,"south":-11.850555,"isoAlpha3":"SLB","north":-6.589611,"fipsCode":"BP","population":"559198","east":166.980865,"isoNumeric":"090","areaInSqKm":"28450.0","countryCode":"SB","west":155.508606,"countryName":"Solomon Islands","continentName":"Oceania","currencyCode":"SBD"},{"continent":"AF","capital":"Victoria","languages":"en-SC,fr-SC","geonameId":241170,"south":-9.753867,"isoAlpha3":"SYC","north":-4.283717,"fipsCode":"SE","population":"88340","east":56.29770287937299,"isoNumeric":"690","areaInSqKm":"455.0","countryCode":"SC","west":46.204769,"countryName":"Seychelles","continentName":"Africa","currencyCode":"SCR"},{"continent":"AF","capital":"Khartoum","languages":"ar-SD,en,fia","geonameId":366755,"south":8.684720993041992,"isoAlpha3":"SDN","north":22.232219696044922,"fipsCode":"SU","population":"35000000","east":38.60749816894531,"isoNumeric":"729","areaInSqKm":"1861484.0","countryCode":"SD","west":21.827774047851562,"countryName":"Sudan","continentName":"Africa","currencyCode":"SDG"},{"continent":"EU","capital":"Stockholm","languages":"sv-SE,se,sma,fi-SE","geonameId":2661886,"south":55.337112,"isoAlpha3":"SWE","north":69.0625,"fipsCode":"SW","population":"9828655","east":24.1562924839185,"isoNumeric":"752","areaInSqKm":"449964.0","countryCode":"SE","west":11.118694,"countryName":"Sweden","continentName":"Europe","currencyCode":"SEK"},{"continent":"AS","capital":"Singapore","languages":"cmn,en-SG,ms-SG,ta-SG,zh-SG","geonameId":1880251,"south":1.258556,"isoAlpha3":"SGP","north":1.471278,"fipsCode":"SN","population":"4701069","east":104.007469,"isoNumeric":"702","areaInSqKm":"692.7","countryCode":"SG","west":103.638275,"countryName":"Singapore","continentName":"Asia","currencyCode":"SGD"},{"continent":"AF","capital":"Jamestown","languages":"en-SH","geonameId":3370751,"south":-16.019543,"isoAlpha3":"SHN","north":-7.887815,"fipsCode":"SH","population":"7460","east":-5.638753,"isoNumeric":"654","areaInSqKm":"410.0","countryCode":"SH","west":-14.42123,"countryName":"Saint Helena","continentName":"Africa","currencyCode":"SHP"},{"continent":"EU","capital":"Ljubljana","languages":"sl,sh","geonameId":3190538,"south":45.421812998164,"isoAlpha3":"SVN","north":46.8766275518195,"fipsCode":"SI","population":"2007000","east":16.6106311807,"isoNumeric":"705","areaInSqKm":"20273.0","countryCode":"SI","west":13.3753342064709,"countryName":"Slovenia","continentName":"Europe","currencyCode":"EUR"},{"continent":"EU","capital":"Longyearbyen","languages":"no,ru","geonameId":607072,"south":79.220306,"isoAlpha3":"SJM","north":80.762085,"fipsCode":"SV","population":"2550","east":33.287334,"isoNumeric":"744","areaInSqKm":"62049.0","countryCode":"SJ","west":17.699389,"countryName":"Svalbard and Jan Mayen","continentName":"Europe","currencyCode":"NOK"},{"continent":"EU","capital":"Bratislava","languages":"sk,hu","geonameId":3057568,"south":47.728111,"isoAlpha3":"SVK","north":49.603168,"fipsCode":"LO","population":"5455000","east":22.570444,"isoNumeric":"703","areaInSqKm":"48845.0","countryCode":"SK","west":16.84775,"countryName":"Slovakia","continentName":"Europe","currencyCode":"EUR"},{"continent":"AF","capital":"Freetown","languages":"en-SL,men,tem","geonameId":2403846,"south":6.929611,"isoAlpha3":"SLE","north":10,"fipsCode":"SL","population":"5245695","east":-10.284238,"isoNumeric":"694","areaInSqKm":"71740.0","countryCode":"SL","west":-13.307631,"countryName":"Sierra Leone","continentName":"Africa","currencyCode":"SLL"},{"continent":"EU","capital":"San Marino","languages":"it-SM","geonameId":3168068,"south":43.8937092171425,"isoAlpha3":"SMR","north":43.99223730851663,"fipsCode":"SM","population":"31477","east":12.51653186779788,"isoNumeric":"674","areaInSqKm":"61.2","countryCode":"SM","west":12.403538978820734,"countryName":"San Marino","continentName":"Europe","currencyCode":"EUR"},{"continent":"AF","capital":"Dakar","languages":"fr-SN,wo,fuc,mnk","geonameId":2245662,"south":12.307275,"isoAlpha3":"SEN","north":16.691633,"fipsCode":"SG","population":"12323252","east":-11.355887,"isoNumeric":"686","areaInSqKm":"196190.0","countryCode":"SN","west":-17.535236,"countryName":"Senegal","continentName":"Africa","currencyCode":"XOF"},{"continent":"AF","capital":"Mogadishu","languages":"so-SO,ar-SO,it,en-SO","geonameId":51537,"south":-1.674868,"isoAlpha3":"SOM","north":11.979166,"fipsCode":"SO","population":"10112453","east":51.412636,"isoNumeric":"706","areaInSqKm":"637657.0","countryCode":"SO","west":40.986595,"countryName":"Somalia","continentName":"Africa","currencyCode":"SOS"},{"continent":"SA","capital":"Paramaribo","languages":"nl-SR,en,srn,hns,jv","geonameId":3382998,"south":1.831145,"isoAlpha3":"SUR","north":6.004546,"fipsCode":"NS","population":"492829","east":-53.977493,"isoNumeric":"740","areaInSqKm":"163270.0","countryCode":"SR","west":-58.086563,"countryName":"Suriname","continentName":"South America","currencyCode":"SRD"},{"continent":"AF","capital":"Juba","languages":"en","geonameId":7909807,"south":3.493394374847412,"isoAlpha3":"SSD","north":12.219148635864258,"fipsCode":"OD","population":"8260490","east":35.9405517578125,"isoNumeric":"728","areaInSqKm":"644329.0","countryCode":"SS","west":24.140274047851562,"countryName":"South Sudan","continentName":"Africa","currencyCode":"SSP"},{"continent":"AF","capital":"São Tomé","languages":"pt-ST","geonameId":2410758,"south":0.024766,"isoAlpha3":"STP","north":1.701323,"fipsCode":"TP","population":"175808","east":7.466374,"isoNumeric":"678","areaInSqKm":"1001.0","countryCode":"ST","west":6.47017,"countryName":"São Tomé and Príncipe","continentName":"Africa","currencyCode":"STD"},{"continent":"NA","capital":"San Salvador","languages":"es-SV","geonameId":3585968,"south":13.148679,"isoAlpha3":"SLV","north":14.445067,"fipsCode":"ES","population":"6052064","east":-87.692162,"isoNumeric":"222","areaInSqKm":"21040.0","countryCode":"SV","west":-90.128662,"countryName":"El Salvador","continentName":"North America","currencyCode":"USD"},{"continent":"NA","capital":"Philipsburg","languages":"nl,en","geonameId":7609695,"south":18.011692,"isoAlpha3":"SXM","north":18.070248,"fipsCode":"NN","population":"37429","east":-63.012993,"isoNumeric":"534","areaInSqKm":"21.0","countryCode":"SX","west":-63.144039,"countryName":"Sint Maarten","continentName":"North America","currencyCode":"ANG"},{"continent":"AS","capital":"Damascus","languages":"ar-SY,ku,hy,arc,fr,en","geonameId":163843,"south":32.310665,"isoAlpha3":"SYR","north":37.319138,"fipsCode":"SY","population":"22198110","east":42.385029,"isoNumeric":"760","areaInSqKm":"185180.0","countryCode":"SY","west":35.727222,"countryName":"Syria","continentName":"Asia","currencyCode":"SYP"},{"continent":"AF","capital":"Mbabane","languages":"en-SZ,ss-SZ","geonameId":934841,"south":-27.317101,"isoAlpha3":"SWZ","north":-25.719648,"fipsCode":"WZ","population":"1354051","east":32.13726,"isoNumeric":"748","areaInSqKm":"17363.0","countryCode":"SZ","west":30.794107,"countryName":"Swaziland","continentName":"Africa","currencyCode":"SZL"},{"continent":"NA","capital":"Cockburn Town","languages":"en-TC","geonameId":3576916,"south":21.422626,"isoAlpha3":"TCA","north":21.961878,"fipsCode":"TK","population":"20556","east":-71.123642,"isoNumeric":"796","areaInSqKm":"430.0","countryCode":"TC","west":-72.483871,"countryName":"Turks and Caicos Islands","continentName":"North America","currencyCode":"USD"},{"continent":"AF","capital":"N'Djamena","languages":"fr-TD,ar-TD,sre","geonameId":2434508,"south":7.441068,"isoAlpha3":"TCD","north":23.450369,"fipsCode":"CD","population":"10543464","east":24.002661,"isoNumeric":"148","areaInSqKm":"1284000.0","countryCode":"TD","west":13.473475,"countryName":"Chad","continentName":"Africa","currencyCode":"XAF"},{"continent":"AN","capital":"Port-aux-Français","languages":"fr","geonameId":1546748,"south":-49.735184,"isoAlpha3":"ATF","north":-37.790722,"fipsCode":"FS","population":"140","east":77.598808,"isoNumeric":"260","areaInSqKm":"7829.0","countryCode":"TF","west":50.170258,"countryName":"French Southern Territories","continentName":"Antarctica","currencyCode":"EUR"},{"continent":"AF","capital":"Lomé","languages":"fr-TG,ee,hna,kbp,dag,ha","geonameId":2363686,"south":6.104417,"isoAlpha3":"TGO","north":11.138977,"fipsCode":"TO","population":"6587239","east":1.806693,"isoNumeric":"768","areaInSqKm":"56785.0","countryCode":"TG","west":-0.147324,"countryName":"Togo","continentName":"Africa","currencyCode":"XOF"},{"continent":"AS","capital":"Bangkok","languages":"th,en","geonameId":1605651,"south":5.61,"isoAlpha3":"THA","north":20.463194,"fipsCode":"TH","population":"67089500","east":105.639389,"isoNumeric":"764","areaInSqKm":"514000.0","countryCode":"TH","west":97.345642,"countryName":"Thailand","continentName":"Asia","currencyCode":"THB"},{"continent":"AS","capital":"Dushanbe","languages":"tg,ru","geonameId":1220409,"south":36.674137,"isoAlpha3":"TJK","north":41.042252,"fipsCode":"TI","population":"7487489","east":75.137222,"isoNumeric":"762","areaInSqKm":"143100.0","countryCode":"TJ","west":67.387138,"countryName":"Tajikistan","continentName":"Asia","currencyCode":"TJS"},{"continent":"OC","capital":"","languages":"tkl,en-TK","geonameId":4031074,"south":-9.381111145019531,"isoAlpha3":"TKL","north":-8.553613662719727,"fipsCode":"TL","population":"1466","east":-171.21142578125,"isoNumeric":"772","areaInSqKm":"10.0","countryCode":"TK","west":-172.50033569335938,"countryName":"Tokelau","continentName":"Oceania","currencyCode":"NZD"},{"continent":"OC","capital":"Dili","languages":"tet,pt-TL,id,en","geonameId":1966436,"south":-9.463626861572266,"isoAlpha3":"TLS","north":-8.135833740234375,"fipsCode":"TT","population":"1154625","east":127.30859375,"isoNumeric":"626","areaInSqKm":"15007.0","countryCode":"TL","west":124.04609680175781,"countryName":"East Timor","continentName":"Oceania","currencyCode":"USD"},{"continent":"AS","capital":"Ashgabat","languages":"tk,ru,uz","geonameId":1218197,"south":35.141083,"isoAlpha3":"TKM","north":42.795555,"fipsCode":"TX","population":"4940916","east":66.684303,"isoNumeric":"795","areaInSqKm":"488100.0","countryCode":"TM","west":52.441444,"countryName":"Turkmenistan","continentName":"Asia","currencyCode":"TMT"},{"continent":"AF","capital":"Tunis","languages":"ar-TN,fr","geonameId":2464461,"south":30.240417,"isoAlpha3":"TUN","north":37.543915,"fipsCode":"TS","population":"10589025","east":11.598278,"isoNumeric":"788","areaInSqKm":"163610.0","countryCode":"TN","west":7.524833,"countryName":"Tunisia","continentName":"Africa","currencyCode":"TND"},{"continent":"OC","capital":"Nuku'alofa","languages":"to,en-TO","geonameId":4032283,"south":-21.455057,"isoAlpha3":"TON","north":-15.562988,"fipsCode":"TN","population":"122580","east":-173.907578,"isoNumeric":"776","areaInSqKm":"748.0","countryCode":"TO","west":-175.682266,"countryName":"Tonga","continentName":"Oceania","currencyCode":"TOP"},{"continent":"AS","capital":"Ankara","languages":"tr-TR,ku,diq,az,av","geonameId":298795,"south":35.815418,"isoAlpha3":"TUR","north":42.107613,"fipsCode":"TU","population":"77804122","east":44.834999,"isoNumeric":"792","areaInSqKm":"780580.0","countryCode":"TR","west":25.668501,"countryName":"Turkey","continentName":"Asia","currencyCode":"TRY"},{"continent":"NA","capital":"Port of Spain","languages":"en-TT,hns,fr,es,zh","geonameId":3573591,"south":10.036105,"isoAlpha3":"TTO","north":11.338342,"fipsCode":"TD","population":"1228691","east":-60.517933,"isoNumeric":"780","areaInSqKm":"5128.0","countryCode":"TT","west":-61.923771,"countryName":"Trinidad and Tobago","continentName":"North America","currencyCode":"TTD"},{"continent":"OC","capital":"Funafuti","languages":"tvl,en,sm,gil","geonameId":2110297,"south":-10.801169,"isoAlpha3":"TUV","north":-5.641972,"fipsCode":"TV","population":"10472","east":179.863281,"isoNumeric":"798","areaInSqKm":"26.0","countryCode":"TV","west":176.064865,"countryName":"Tuvalu","continentName":"Oceania","currencyCode":"AUD"},{"continent":"AS","capital":"Taipei","languages":"zh-TW,zh,nan,hak","geonameId":1668284,"south":21.896606934717,"isoAlpha3":"TWN","north":25.3002899036181,"fipsCode":"TW","population":"22894384","east":122.006739823315,"isoNumeric":"158","areaInSqKm":"35980.0","countryCode":"TW","west":119.534691,"countryName":"Taiwan","continentName":"Asia","currencyCode":"TWD"},{"continent":"AF","capital":"Dodoma","languages":"sw-TZ,en,ar","geonameId":149590,"south":-11.745696,"isoAlpha3":"TZA","north":-0.990736,"fipsCode":"TZ","population":"41892895","east":40.443222,"isoNumeric":"834","areaInSqKm":"945087.0","countryCode":"TZ","west":29.327168,"countryName":"Tanzania","continentName":"Africa","currencyCode":"TZS"},{"continent":"EU","capital":"Kiev","languages":"uk,ru-UA,rom,pl,hu","geonameId":690791,"south":44.390415,"isoAlpha3":"UKR","north":52.369362,"fipsCode":"UP","population":"45415596","east":40.20739,"isoNumeric":"804","areaInSqKm":"603700.0","countryCode":"UA","west":22.128889,"countryName":"Ukraine","continentName":"Europe","currencyCode":"UAH"},{"continent":"AF","capital":"Kampala","languages":"en-UG,lg,sw,ar","geonameId":226074,"south":-1.48405,"isoAlpha3":"UGA","north":4.214427,"fipsCode":"UG","population":"33398682","east":35.036049,"isoNumeric":"800","areaInSqKm":"236040.0","countryCode":"UG","west":29.573252,"countryName":"Uganda","continentName":"Africa","currencyCode":"UGX"},{"continent":"OC","capital":"","languages":"en-UM","geonameId":5854968,"south":-0.389006,"isoAlpha3":"UMI","north":28.219814,"fipsCode":"","population":"0","east":166.654526,"isoNumeric":"581","areaInSqKm":"0.0","countryCode":"UM","west":-177.392029,"countryName":"U.S. Minor Outlying Islands","continentName":"Oceania","currencyCode":"USD"},{"continent":"NA","capital":"Washington","languages":"en-US,es-US,haw,fr","geonameId":6252001,"south":24.544245,"isoAlpha3":"USA","north":49.388611,"fipsCode":"US","population":"310232863","east":-66.954811,"isoNumeric":"840","areaInSqKm":"9629091.0","countryCode":"US","west":-124.733253,"countryName":"United States","continentName":"North America","currencyCode":"USD"},{"continent":"SA","capital":"Montevideo","languages":"es-UY","geonameId":3439705,"south":-34.980816,"isoAlpha3":"URY","north":-30.082224,"fipsCode":"UY","population":"3477000","east":-53.073933,"isoNumeric":"858","areaInSqKm":"176220.0","countryCode":"UY","west":-58.442722,"countryName":"Uruguay","continentName":"South America","currencyCode":"UYU"},{"continent":"AS","capital":"Tashkent","languages":"uz,ru,tg","geonameId":1512440,"south":37.184444,"isoAlpha3":"UZB","north":45.575001,"fipsCode":"UZ","population":"27865738","east":73.132278,"isoNumeric":"860","areaInSqKm":"447400.0","countryCode":"UZ","west":55.996639,"countryName":"Uzbekistan","continentName":"Asia","currencyCode":"UZS"},{"continent":"EU","capital":"Vatican City","languages":"la,it,fr","geonameId":3164670,"south":41.90027960306854,"isoAlpha3":"VAT","north":41.90743830885576,"fipsCode":"VT","population":"921","east":12.45837546629481,"isoNumeric":"336","areaInSqKm":"0.44","countryCode":"VA","west":12.44570678169205,"countryName":"Vatican City","continentName":"Europe","currencyCode":"EUR"},{"continent":"NA","capital":"Kingstown","languages":"en-VC,fr","geonameId":3577815,"south":12.583984810969037,"isoAlpha3":"VCT","north":13.377834,"fipsCode":"VC","population":"104217","east":-61.11388,"isoNumeric":"670","areaInSqKm":"389.0","countryCode":"VC","west":-61.46090317727658,"countryName":"Saint Vincent and the Grenadines","continentName":"North America","currencyCode":"XCD"},{"continent":"SA","capital":"Caracas","languages":"es-VE","geonameId":3625428,"south":0.626311,"isoAlpha3":"VEN","north":12.201903,"fipsCode":"VE","population":"27223228","east":-59.80378,"isoNumeric":"862","areaInSqKm":"912050.0","countryCode":"VE","west":-73.354073,"countryName":"Venezuela","continentName":"South America","currencyCode":"VEF"},{"continent":"NA","capital":"Road Town","languages":"en-VG","geonameId":3577718,"south":18.383710898211305,"isoAlpha3":"VGB","north":18.757221,"fipsCode":"VI","population":"21730","east":-64.268768,"isoNumeric":"092","areaInSqKm":"153.0","countryCode":"VG","west":-64.71312752730364,"countryName":"British Virgin Islands","continentName":"North America","currencyCode":"USD"},{"continent":"NA","capital":"Charlotte Amalie","languages":"en-VI","geonameId":4796775,"south":17.673931,"isoAlpha3":"VIR","north":18.415382,"fipsCode":"VQ","population":"108708","east":-64.565193,"isoNumeric":"850","areaInSqKm":"352.0","countryCode":"VI","west":-65.101333,"countryName":"U.S. Virgin Islands","continentName":"North America","currencyCode":"USD"},{"continent":"AS","capital":"Hanoi","languages":"vi,en,fr,zh,km","geonameId":1562822,"south":8.559611,"isoAlpha3":"VNM","north":23.388834,"fipsCode":"VM","population":"89571130","east":109.464638,"isoNumeric":"704","areaInSqKm":"329560.0","countryCode":"VN","west":102.148224,"countryName":"Vietnam","continentName":"Asia","currencyCode":"VND"},{"continent":"OC","capital":"Port Vila","languages":"bi,en-VU,fr-VU","geonameId":2134431,"south":-20.248945,"isoAlpha3":"VUT","north":-13.073444,"fipsCode":"NH","population":"221552","east":169.904785,"isoNumeric":"548","areaInSqKm":"12200.0","countryCode":"VU","west":166.524979,"countryName":"Vanuatu","continentName":"Oceania","currencyCode":"VUV"},{"continent":"OC","capital":"Mata-Utu","languages":"wls,fud,fr-WF","geonameId":4034749,"south":-14.314559989820843,"isoAlpha3":"WLF","north":-13.216758181061444,"fipsCode":"WF","population":"16025","east":-176.16174317718253,"isoNumeric":"876","areaInSqKm":"274.0","countryCode":"WF","west":-178.1848112896414,"countryName":"Wallis and Futuna","continentName":"Oceania","currencyCode":"XPF"},{"continent":"OC","capital":"Apia","languages":"sm,en-WS","geonameId":4034894,"south":-14.040939,"isoAlpha3":"WSM","north":-13.432207,"fipsCode":"WS","population":"192001","east":-171.415741,"isoNumeric":"882","areaInSqKm":"2944.0","countryCode":"WS","west":-172.798599,"countryName":"Samoa","continentName":"Oceania","currencyCode":"WST"},{"continent":"EU","capital":"Pristina","languages":"sq,sr","geonameId":831053,"south":41.856369601859925,"isoAlpha3":"XKX","north":43.2682495807952,"fipsCode":"KV","population":"1800000","east":21.80335088694943,"isoNumeric":"0","areaInSqKm":"10908.0","countryCode":"XK","west":19.977481504492914,"countryName":"Kosovo","continentName":"Europe","currencyCode":"EUR"},{"continent":"AS","capital":"Sanaa","languages":"ar-YE","geonameId":69543,"south":12.1110910264462,"isoAlpha3":"YEM","north":18.9999989031009,"fipsCode":"YM","population":"23495361","east":54.5305388163283,"isoNumeric":"887","areaInSqKm":"527970.0","countryCode":"YE","west":42.5325394314234,"countryName":"Yemen","continentName":"Asia","currencyCode":"YER"},{"continent":"AF","capital":"Mamoudzou","languages":"fr-YT","geonameId":1024031,"south":-13.000132,"isoAlpha3":"MYT","north":-12.648891,"fipsCode":"MF","population":"159042","east":45.29295,"isoNumeric":"175","areaInSqKm":"374.0","countryCode":"YT","west":45.03796,"countryName":"Mayotte","continentName":"Africa","currencyCode":"EUR"},{"continent":"AF","capital":"Pretoria","languages":"zu,xh,af,nso,en-ZA,tn,st,ts,ss,ve,nr","geonameId":953987,"south":-34.839828,"isoAlpha3":"ZAF","north":-22.126612,"fipsCode":"SF","population":"49000000","east":32.895973,"isoNumeric":"710","areaInSqKm":"1219912.0","countryCode":"ZA","west":16.458021,"countryName":"South Africa","continentName":"Africa","currencyCode":"ZAR"},{"continent":"AF","capital":"Lusaka","languages":"en-ZM,bem,loz,lun,lue,ny,toi","geonameId":895949,"south":-18.079473,"isoAlpha3":"ZMB","north":-8.22436,"fipsCode":"ZA","population":"13460305","east":33.705704,"isoNumeric":"894","areaInSqKm":"752614.0","countryCode":"ZM","west":21.999371,"countryName":"Zambia","continentName":"Africa","currencyCode":"ZMW"},{"continent":"AF","capital":"Harare","languages":"en-ZW,sn,nr,nd","geonameId":878675,"south":-22.417738,"isoAlpha3":"ZWE","north":-15.608835,"fipsCode":"ZI","population":"13061000","east":33.056305,"isoNumeric":"716","areaInSqKm":"390580.0","countryCode":"ZW","west":25.237028,"countryName":"Zimbabwe","continentName":"Africa","currencyCode":"ZWL"}]}